cep;logradouro;complemento;bairro;localidade;uf;ibge;gia;ddd;siafi
69905-461;Travessa Praça;s/n;Cidade Nova;Rio Branco;AC;1200401;;68;139
69914-548;Travessa Praça;s/n;Ilson Ribeiro;Rio Branco;AC;1200401;;68;139
69900-054;Praça dos Catraeiros;s/n;Centro;Rio Branco;AC;1200401;;68;139
69905-460;Praça Campo do Atlético;s/n;Cidade Nova;Rio Branco;AC;1200401;;68;139
57022-100;Praça Raiol;s/n;Jaraguá;Maceió;AL;2704302;;82;2785
57030-075;Praça do Rex;s/n;Pajuçara;Maceió;AL;2704302;;82;2785
57051-630;Praça Sergipe;s/n;Farol;Maceió;AL;2704302;;82;2785
57030-009;Praça Lions Club;s/n;Pajuçara;Maceió;AL;2704302;;82;2785
57070-120;Praça São José;s/n;Fernão Velho;Maceió;AL;2704302;;82;2785
57035-420;Praça do Turista;s/n;Ponta Verde;Maceió;AL;2704302;;82;2785
57010-295;Praça do Pirulito;de 114 ao fim - lado par;Prado;Maceió;AL;2704302;;82;2785
57020-275;Praça do Pirulito;lado ímpar;Centro;Maceió;AL;2704302;;82;2785
57014-710;Praça Ciro Acyole;s/n;Ponta Grossa;Maceió;AL;2704302;;82;2785
57022-160;Praça Dois Leões;s/n;Jaraguá;Maceió;AL;2704302;;82;2785
57017-022;Praça do Pirulito;até 68 - lado par;Levada;Maceió;AL;2704302;;82;2785
57020-150;Praça dos Palmares;s/n;Centro;Maceió;AL;2704302;;82;2785
57020-420;Praça São Vicente;s/n;Centro;Maceió;AL;2704302;;82;2785
57020-903;Praça dos Palmares;36;Centro;Maceió;AL;2704302;;82;2785
57025-860;Praça da Maravilha;s/n;Poço;Maceió;AL;2704302;;82;2785
57020-130;Praça Dom Pedro II;s/n;Centro;Maceió;AL;2704302;;82;2785
57020-900;Praça Dom Pedro II;s/n;Centro;Maceió;AL;2704302;;82;2785
57010-020;Praça da Faculdade;s/n;Prado;Maceió;AL;2704302;;82;2785
57025-420;Praça Treze de Maio;s/n;Poço;Maceió;AL;2704302;;82;2785
57030-105;Praça Manoel Duarte;s/n;Pajuçara;Maceió;AL;2704302;;82;2785
57010-373;Praça Pingo D'Água;s/n;Trapiche da Barra;Maceió;AL;2704302;;82;2785
57017-065;Praça Santo Antônio;s/n;Levada;Maceió;AL;2704302;;82;2785
57051-140;Praça do Centenário;s/n;Farol;Maceió;AL;2704302;;82;2785
57014-320;Praça Guedes Miranda;s/n;Ponta Grossa;Maceió;AL;2704302;;82;2785
57037-335;Praça Cipriano Jucá;s/n;Mangabeiras;Maceió;AL;2704302;;82;2785
57070-050;Praça Eduardo Santos;s/n;Fernão Velho;Maceió;AL;2704302;;82;2785
57037-350;Praça Aloísio Branco;s/n;Mangabeiras;Maceió;AL;2704302;;82;2785
57025-568;Praça Unidos do Poço;s/n;Poço;Maceió;AL;2704302;;82;2785
57010-870;Praça São Sebastião;s/n;Pontal da Barra;Maceió;AL;2704302;;82;2785
57035-070;Praça Emílio de Maia;s/n;Ponta Verde;Maceió;AL;2704302;;82;2785
57020-919;Praça Marechal Deodoro;319;Centro;Maceió;AL;2704302;;82;2785
57070-570;Praça Leonildo Cardoso;s/n;Rio Novo;Maceió;AL;2704302;;82;2785
57017-085;Praça Carlos Paurílio;s/n;Levada;Maceió;AL;2704302;;82;2785
57020-040;Praça Marechal Deodoro;s/n;Centro;Maceió;AL;2704302;;82;2785
57020-921;Praça Marechal Deodoro;s/n;Centro;Maceió;AL;2704302;;82;2785
57020-410;Praça da Independência;s/n;Centro;Maceió;AL;2704302;;82;2785
57014-330;Praça Moleque Namorador;s/n;Ponta Grossa;Maceió;AL;2704302;;82;2785
57010-110;Praça Custódio de Melo;s/n;Prado;Maceió;AL;2704302;;82;2785
57025-480;Praça Guimarães Passos;s/n;Poço;Maceió;AL;2704302;;82;2785
57020-720;Praça Visconde de Sinimbú;s/n;Centro;Maceió;AL;2704302;;82;2785
57020-918;Praça Visconde de Sinimbú;s/n;Centro;Maceió;AL;2704302;;82;2785
57022-170;Praça Dezoito de Copacabana;s/n;Jaraguá;Maceió;AL;2704302;;82;2785
57020-350;Praça Montepio dos Artistas;s/n;Centro;Maceió;AL;2704302;;82;2785
57022-193;Praça Doutor Homero Galvão;s/n;Jaraguá;Maceió;AL;2704302;;82;2785
57052-320;Praça Osório Calheiros Gato;s/n;Pitanguinha;Maceió;AL;2704302;;82;2785
57055-565;Praça Senador Arnon de Mello;s/n;Pinheiro;Maceió;AL;2704302;;82;2785
57014-300;Praça Doutor Getúlio Vargas;s/n;Ponta Grossa;Maceió;AL;2704302;;82;2785
57010-830;Praça Doutor Caio Aguiar Porto;s/n;Pontal da Barra;Maceió;AL;2704302;;82;2785
57020-090;Praça Marechal Floriano Peixoto;s/n;Centro;Maceió;AL;2704302;;82;2785
57039-250;Praça José Emídio de Carvalho;s/n;Riacho Doce;Maceió;AL;2704302;;82;2785
68908-114;Praça Chico Noé;s/n;Jesus de Nazaré;Macapá;AP;1600303;;96;605
68900-102;Praça da Bandeira;s/n;Central;Macapá;AP;1600303;;96;605
68900-810;Praça Veiga Cabral;s/n;Central;Macapá;AP;1600303;;96;605
68900-800;Praça Isaac Zagury;s/n;Central;Macapá;AP;1600303;;96;605
68900-840;Praça Floriano Peixoto;s/n;Central;Macapá;AP;1600303;;96;605
68900-453;Praça Barão do Rio Branco;s/n;Central;Macapá;AP;1600303;;96;605
68901-045;Praça Nossa Senhora da Conceição;s/n;Trem;Macapá;AP;1600303;;96;605
69057-280;Praça Chile;s/n;Adrianópolis;Manaus;AM;1302603;;92;255
69079-490;Praça Coari;s/n;São Francisco;Manaus;AM;1302603;;92;255
69035-254;Praça Vitória;s/n;Compensa;Manaus;AM;1302603;;92;255
69070-751;Praça Tiradente;s/n;Colônia Oliveira Machado;Manaus;AM;1302603;;92;255
69010-190;Praça Dom Bosco;s/n;Centro;Manaus;AM;1302603;;92;255
69027-071;Praça Rego Barros;s/n;São Raimundo;Manaus;AM;1302603;;92;255
69005-320;Praça Dom Pedro II;s/n;Centro;Manaus;AM;1302603;;92;255
69005-390;Praça Osvaldo Cruz;s/n;Centro;Manaus;AM;1302603;;92;255
69008-440;Praça do Congresso;s/n;Colônia Antônio Aleixo;Manaus;AM;1302603;;92;255
69005-450;Praça dos Remédios;s/n;Centro;Manaus;AM;1302603;;92;255
69020-550;Praça Santos Dumont;s/n;Praça 14 de Janeiro;Manaus;AM;1302603;;92;255
69027-320;Praça Ismael Benigno;(Igreja, da);São Raimundo;Manaus;AM;1302603;;92;255
69005-230;Praça Ribeiro Júnior;s/n;Centro;Manaus;AM;1302603;;92;255
69005-260;Praça Heliodoro Balbi;s/n;Centro;Manaus;AM;1302603;;92;255
69010-240;Praça São Sebastião;s/n;Centro;Manaus;AM;1302603;;92;255
69005-280;Praça Tenreiro Aranha;s/n;Centro;Manaus;AM;1302603;;92;255
69005-203;Praça Waldemar Pedrosa;s/n;Centro;Manaus;AM;1302603;;92;255
69065-031;Praça Benjamin Constant;s/n;Cachoeirinha;Manaus;AM;1302603;;92;255
69027-380;Praça Antônio Bittencourt;s/n;Glória;Manaus;AM;1302603;;92;255
69057-450;Praça Nossa Senhora de Nazaré;s/n;Adrianópolis;Manaus;AM;1302603;;92;255
69025-090;Praça Nossa Senhora Auxiliadora;s/n;Centro;Manaus;AM;1302603;;92;255
69073-270;Praça Francisco Pereira da Silva;s/n;Crespo;Manaus;AM;1302603;;92;255
69075-007;Praça Francisco Pereira da Silva;s/n;Distrito Industrial I;Manaus;AM;1302603;;92;255
40450-415;Praça Açu;s/n;Uruguai;Salvador;BA;2927408;;71;3849
41740-740;Praça Igor;s/n;Pituaçu;Salvador;BA;2927408;;71;3849
40430-690;Praça Igaci;s/n;Vila Ruy Barbosa;Salvador;BA;2927408;;71;3849
41830-080;Praça da Luz;s/n;Pituba;Salvador;BA;2927408;;71;3849
41211-265;Rua da Praça;s/n;Arenoso;Salvador;BA;2927408;;71;3849
41510-005;Praça Rotary;s/n;São Cristóvão;Salvador;BA;2927408;;71;3849
40470-392;Praça Joanes;s/n;Lobato;Salvador;BA;2927408;;71;3849
41651-085;Praça do Sol;s/n;Piatã;Salvador;BA;2927408;;71;3849
41227-060;Praça da Luz;s/n;Calabetão;Salvador;BA;2927408;;71;3849
41830-060;Praça Brasil;s/n;Pituba;Salvador;BA;2927408;;71;3849
40415-455;Praça Divina;s/n;Bonfim;Salvador;BA;2927408;;71;3849
41213-440;Praça da Paz;s/n;Sussuarana;Salvador;BA;2927408;;71;3849
40430-035;Praça da Paz;s/n;Vila Ruy Barbosa;Salvador;BA;2927408;;71;3849
40026-080;Praça da Sé;s/n;Centro Histórico;Salvador;BA;2927408;;71;3849
41940-396;Praça Colombo;s/n;Rio Vermelho;Salvador;BA;2927408;;71;3849
41810-225;Praça Marconi;s/n;Pituba;Salvador;BA;2927408;;71;3849
40470-388;Praça Gramado;s/n;Lobato;Salvador;BA;2927408;;71;3849
40750-226;Praça Cabocla;s/n;Coutos;Salvador;BA;2927408;;71;3849
42500-064;Beco da Praça;s/n;Santana (Ilha de Maré);Salvador;BA;2927408;;71;3849
41306-697;Praça Itaúna;s/n;Moradas da Lagoa;Salvador;BA;2927408;;71;3849
40390-730;Praça da Cobal;s/n;São Caetano;Salvador;BA;2927408;;71;3849
41810-790;Praça Aquarius;s/n;Pituba;Salvador;BA;2927408;;71;3849
40150-066;Praça Paterson;s/n;Graça;Salvador;BA;2927408;;71;3849
40470-188;Praça Guaporé;s/n;Lobato;Salvador;BA;2927408;;71;3849
40342-045;Praça do Horto;(S Martin);Santa Mônica;Salvador;BA;2927408;;71;3849
40434-610;Praça Ibiporã;s/n;Massaranduba;Salvador;BA;2927408;;71;3849
40301-125;Praça Pedreira;s/n;Barbalho;Salvador;BA;2927408;;71;3849
41235-420;Praça do Campo;s/n;Pau da Lima;Salvador;BA;2927408;;71;3849
41320-440;Praça Quadra 3;s/n;Castelo Branco;Salvador;BA;2927408;;71;3849
41205-250;Praça Arvoredo;(Cj Hab Barreiras);Tancredo Neves;Salvador;BA;2927408;;71;3849
41601-040;Praça Bertioga;(Pr Flamengo);Stella Maris;Salvador;BA;2927408;;71;3849
40715-358;Praça Rio Sena;s/n;Rio Sena;Salvador;BA;2927408;;71;3849
40301-000;Praça Barbalho;s/n;Barbalho;Salvador;BA;2927408;;71;3849
40820-135;Praça Iriguaçu;s/n;Paripe;Salvador;BA;2927408;;71;3849
41320-820;Praça Quadra 12;(3ª Etapa-Setor 1);Castelo Branco;Salvador;BA;2927408;;71;3849
41510-100;Praça da Matriz;s/n;São Cristóvão;Salvador;BA;2927408;;71;3849
40710-530;Praça São Braz;s/n;Plataforma;Salvador;BA;2927408;;71;3849
41306-880;Praça Esplanada;s/n;Moradas da Lagoa;Salvador;BA;2927408;;71;3849
41270-740;Praça São Braz;s/n;Campinas de Pirajá;Salvador;BA;2927408;;71;3849
41320-833;Praça Quadra 14;(3ª Etapa-St 2);Castelo Branco;Salvador;BA;2927408;;71;3849
41500-211;Praça Dom Lucas;(Lot Vle Dunas);São Cristóvão;Salvador;BA;2927408;;71;3849
40015-420;Praça Riachuelo;s/n;Comércio;Salvador;BA;2927408;;71;3849
40433-760;Praça Mangueira;s/n;Massaranduba;Salvador;BA;2927408;;71;3849
41218-112;Praça Santa Fé;s/n;Novo Horizonte;Salvador;BA;2927408;;71;3849
40414-000;Praça das APA's;s/n;Boa Viagem;Salvador;BA;2927408;;71;3849
40470-210;Praça do Lobato;s/n;Lobato;Salvador;BA;2927408;;71;3849
41235-426;Praça São José;s/n;Pau da Lima;Salvador;BA;2927408;;71;3849
40230-795;Praça Pulchéria;s/n;Federação;Salvador;BA;2927408;;71;3849
40450-385;Praça do Uruguai;s/n;Uruguai;Salvador;BA;2927408;;71;3849
41213-460;Praça San Martin;s/n;Sussuarana;Salvador;BA;2927408;;71;3849
60534-550;Praça Dez;s/n;Genibaú;Fortaleza;CE;2304400;;85;1389
60862-770;Praça Remo;s/n;Barroso;Fortaleza;CE;2304400;;85;1389
60040-650;Praça Pio IX;s/n;Fátima;Fortaleza;CE;2304400;;85;1389
60441-090;Praça Brasil;s/n;Panamericano;Fortaleza;CE;2304400;;85;1389
60055-150;Praça da Sé;s/n;Centro;Fortaleza;CE;2304400;;85;1389
60820-750;Rua da Praça;(Cj Gov Tasso Jereissati);Jardim das Oliveiras;Fortaleza;CE;2304400;;85;1389
60332-190;Vila do Praça;s/n;Barra do Ceará;Fortaleza;CE;2304400;;85;1389
60170-010;Praça Portugal;s/n;Aldeota;Fortaleza;CE;2304400;;85;1389
60025-180;Praça do Carmo;s/n;Centro;Fortaleza;CE;2304400;;85;1389
60713-340;Praça Amazonas;s/n;Manoel Sátiro;Fortaleza;CE;2304400;;85;1389
60361-120;Praça Ipiranga;s/n;Antônio Bezerra;Fortaleza;CE;2304400;;85;1389
60040-640;Praça Morais Ne;s/n;José Bonifácio;Fortaleza;CE;2304400;;85;1389
60135-660;Praça da Piedade;s/n;Joaquim Távora;Fortaleza;CE;2304400;;85;1389
60131-180;Praça São Lucas;s/n;Joaquim Távora;Fortaleza;CE;2304400;;85;1389
60416-370;Praça de Nazaré;s/n;Bom Futuro;Fortaleza;CE;2304400;;85;1389
60832-450;Praça São Roque;s/n;Lagoa Redonda;Fortaleza;CE;2304400;;85;1389
60510-280;Praça Afonso Pena;s/n;Henrique Jorge;Fortaleza;CE;2304400;;85;1389
60330-012;Praça Nova Lisboa;s/n;Barra do Ceará;Fortaleza;CE;2304400;;85;1389
60181-390;Praça da Vitória;s/n;Vicente Pinzon;Fortaleza;CE;2304400;;85;1389
60150-320;Praça da Bandeira;s/n;Centro;Fortaleza;CE;2304400;;85;1389
60025-230;Praça do Ferreira;s/n;Centro;Fortaleza;CE;2304400;;85;1389
60751-170;Praça Guadalajara;s/n;Prefeito José Walter;Fortaleza;CE;2304400;;85;1389
60420-175;Praça Jorge Vieira;s/n;Vila União;Fortaleza;CE;2304400;;85;1389
60184-190;Praça Simão Pedro;s/n;Vicente Pinzon;Fortaleza;CE;2304400;;85;1389
60455-517;Praça Santo Afonso;s/n;Amadeu Furtado;Fortaleza;CE;2304400;;85;1389
60035-230;Praça Paula Pessoa;s/n;Centro;Fortaleza;CE;2304400;;85;1389
60410-103;Praça da Aparecida;s/n;Montese;Fortaleza;CE;2304400;;85;1389
60713-361;Praça da Estação;s/n;Manoel Sátiro;Fortaleza;CE;2304400;;85;1389
60714-630;Praça da Mangueira;s/n;Rachel de Queiroz;Fortaleza;CE;2304400;;85;1389
60135-600;Praça João Dummar;s/n;Dionisio Torres;Fortaleza;CE;2304400;;85;1389
60011-280;Praça Farias Brito;s/n;Farias Brito;Fortaleza;CE;2304400;;85;1389
60350-310;Praça José Acioly;s/n;Antônio Bezerra;Fortaleza;CE;2304400;;85;1389
60337-210;Praça Major Wilson;s/n;Cristo Redentor;Fortaleza;CE;2304400;;85;1389
60030-240;Praça dos Martires;s/n;Centro;Fortaleza;CE;2304400;;85;1389
60360-808;Praça José Leitão;s/n;Antônio Bezerra;Fortaleza;CE;2304400;;85;1389
60110-160;Praça das Graviolas;s/n;Centro;Fortaleza;CE;2304400;;85;1389
60440-720;Praça da República;s/n;Pici;Fortaleza;CE;2304400;;85;1389
60165-440;Praça da Confiança;s/n;Mucuripe;Fortaleza;CE;2304400;;85;1389
60176-220;Praça dos Coqueiros;s/n;Mucuripe;Fortaleza;CE;2304400;;85;1389
60751-190;Praça Odilon Matias;s/n;Prefeito José Walter;Fortaleza;CE;2304400;;85;1389
60337-200;Praça Doutor Amauri;s/n;Cristo Redentor;Fortaleza;CE;2304400;;85;1389
60332-220;Praça Augusto Renê;s/n;Barra do Ceará;Fortaleza;CE;2304400;;85;1389
60425-740;Praça Fausto Arruda;s/n;Montese;Fortaleza;CE;2304400;;85;1389
60183-470;Praça São Francisco;s/n;Vicente Pinzon;Fortaleza;CE;2304400;;85;1389
60176-380;Praça Olímpio Meira;s/n;Mucuripe;Fortaleza;CE;2304400;;85;1389
60060-142;Praça Treze de Abril;s/n;Centro;Fortaleza;CE;2304400;;85;1389
60050-250;Praça dos Motoristas;s/n;Fátima;Fortaleza;CE;2304400;;85;1389
60425-730;Praça Artur Bernardes;s/n;Montese;Fortaleza;CE;2304400;;85;1389
60010-122;Praça Araripe Júnior;s/n;Moura Brasil;Fortaleza;CE;2304400;;85;1389
60442-632;Praça Maciel de Brito;s/n;Bela Vista;Fortaleza;CE;2304400;;85;1389
70804-025;Praça A;(Acamp Rabelo);Vila Planalto;Brasília;DF;5300108;;61;9701
72405-015;Praça 1;s/n;Setor Central (Gama);Brasília;DF;5300108;;61;9701
72405-025;Praça 2;s/n;Setor Central (Gama);Brasília;DF;5300108;;61;9701
72460-110;Praça 2;s/n;Setor Leste (Gama);Brasília;DF;5300108;;61;9701
72460-100;Praça 1;s/n;Setor Leste (Gama);Brasília;DF;5300108;;61;9701
72460-120;Praça 3;s/n;Setor Leste (Gama);Brasília;DF;5300108;;61;9701
70802-070;Rua da Praça;(Acamp Rabelo);Vila Planalto;Brasília;DF;5300108;;61;9701
70802-140;Praça Rabelo;(Acamp Rabelo);Vila Planalto;Brasília;DF;5300108;;61;9701
71570-900;Praça Central;s/n;Paranoá;Brasília;DF;5300108;;61;9701
71570-901;Praça Central;s/n;Paranoá;Brasília;DF;5300108;;61;9701
71705-500;Praça Central;s/n;Núcleo Bandeirante;Brasília;DF;5300108;;61;9701
72760-168;Praça Central;s/n;Incra 8 (Brazlândia);Brasília;DF;5300108;;61;9701
71570-050;Praça Central;s/n;Paranoá;Brasília;DF;5300108;;61;9701
71968-725;QS 7 Praça AC;s/n;Areal (Águas Claras);Brasília;DF;5300108;;61;9701
72705-700;Praça do Laço;s/n;Setor Norte (Brazlândia);Brasília;DF;5300108;;61;9701
71967-180;QS 7 Praça 200;s/n;Areal (Águas Claras);Brasília;DF;5300108;;61;9701
72110-027;CNA 2 Praça DI;s/n;Taguatinga Norte (Taguatinga);Brasília;DF;5300108;;61;9701
71970-370;QS 7 Praça 600;s/n;Areal (Águas Claras);Brasília;DF;5300108;;61;9701
71962-720;Praça 100 QS 05;s/n;Areal (Águas Claras);Brasília;DF;5300108;;61;9701
71731-150;Praça da Igreja;s/n;Metropolitana (Núcleo Bandeirante);Brasília;DF;5300108;;61;9701
71960-720;Praça 400 QS 05;s/n;Areal (Águas Claras);Brasília;DF;5300108;;61;9701
71972-000;Praça 810 QS 07;s/n;Areal (Águas Claras);Brasília;DF;5300108;;61;9701
72415-139;Praça 2 Bloco D;s/n;Setor Sul (Gama);Brasília;DF;5300108;;61;9701
70075-901;Praça do Buriti;s/n;Zona Cívico-Administrativa;Brasília;DF;5300108;;61;9701
72410-239;Praça 3 Bloco D;s/n;Setor Sul (Gama);Brasília;DF;5300108;;61;9701
72410-140;Praça 1 Bloco A;s/n;Setor Sul (Gama);Brasília;DF;5300108;;61;9701
72415-239;Praça 4 Bloco D;s/n;Setor Sul (Gama);Brasília;DF;5300108;;61;9701
71969-000;Praça 400 QS 07;s/n;Areal (Águas Claras);Brasília;DF;5300108;;61;9701
70803-010;Praça da Igreja;(Acamp DFL);Vila Planalto;Brasília;DF;5300108;;61;9701
72415-130;Praça 2 Bloco A;s/n;Setor Sul (Gama);Brasília;DF;5300108;;61;9701
72410-230;Praça 3 Bloco A;s/n;Setor Sul (Gama);Brasília;DF;5300108;;61;9701
72425-143;Praça 1 Lote 01;s/n;Setor Oeste (Gama);Brasília;DF;5300108;;61;9701
72415-230;Praça 4 Bloco A;s/n;Setor Sul (Gama);Brasília;DF;5300108;;61;9701
72410-143;Praça 1 Bloco B;s/n;Setor Sul (Gama);Brasília;DF;5300108;;61;9701
70070-550;Praça Municipal;s/n;Zona Cívico-Administrativa;Brasília;DF;5300108;;61;9701
72415-133;Praça 2 Bloco B;s/n;Setor Sul (Gama);Brasília;DF;5300108;;61;9701
70070-500;Praça do Buriti;s/n;Zona Cívico-Administrativa;Brasília;DF;5300108;;61;9701
72410-233;Praça 3 Bloco B;s/n;Setor Sul (Gama);Brasília;DF;5300108;;61;9701
72425-145;Praça 1 Lote 02;s/n;Setor Oeste (Gama);Brasília;DF;5300108;;61;9701
72415-233;Praça 4 Bloco B;s/n;Setor Sul (Gama);Brasília;DF;5300108;;61;9701
72410-146;Praça 1 Bloco C;s/n;Setor Sul (Gama);Brasília;DF;5300108;;61;9701
72415-136;Praça 2 Bloco C;s/n;Setor Sul (Gama);Brasília;DF;5300108;;61;9701
70075-900;Praça do Buriti;s/n;Zona Cívico-Administrativa;Brasília;DF;5300108;;61;9701
72410-236;Praça 3 Bloco C;s/n;Setor Sul (Gama);Brasília;DF;5300108;;61;9701
72425-147;Praça 1 Lote 03;s/n;Setor Oeste (Gama);Brasília;DF;5300108;;61;9701
72415-236;Praça 4 Bloco C;s/n;Setor Sul (Gama);Brasília;DF;5300108;;61;9701
72410-149;Praça 1 Bloco D;s/n;Setor Sul (Gama);Brasília;DF;5300108;;61;9701
72604-127;Quadra 118 Praça;s/n;Recanto das Emas;Brasília;DF;5300108;;61;9701
72415-116;Praça 2 AE SENAI;s/n;Setor Sul (Gama);Brasília;DF;5300108;;61;9701
72604-039;Quadra 117 Praça;s/n;Recanto das Emas;Brasília;DF;5300108;;61;9701
29055-200;Praça Rotary;s/n;Praia do Canto;Vitória;ES;3205309;;27;5705
29055-730;Praça do Iate;s/n;Praia do Canto;Vitória;ES;3205309;;27;5705
29010-912;Praça Pio XII;30;Centro;Vitória;ES;3205309;;27;5705
29055-160;Praça Mulemba;s/n;Praia do Canto;Vitória;ES;3205309;;27;5705
29010-340;Praça Pio XII;s/n;Centro;Vitória;ES;3205309;;27;5705
29048-507;Praça dos Anjos;s/n;São Cristóvão;Vitória;ES;3205309;;27;5705
29056-095;Praça San Martin;s/n;Santa Lúcia;Vitória;ES;3205309;;27;5705
29075-095;Praça Luiz Alves;s/n;Goiabeiras;Vitória;ES;3205309;;27;5705
29055-400;Praça Finlândia;s/n;Praia do Canto;Vitória;ES;3205309;;27;5705
29055-170;Praça San Martin;s/n;Praia do Canto;Vitória;ES;3205309;;27;5705
29026-070;Praça da Bandeira;s/n;Santo Antônio;Vitória;ES;3205309;;27;5705
29065-460;Praça Jacob Suaid;s/n;Mata da Praia;Vitória;ES;3205309;;27;5705
29018-300;Praça Misael Pena;s/n;Parque Moscoso;Vitória;ES;3205309;;27;5705
29010-690;Praça do Chafariz;s/n;Centro;Vitória;ES;3205309;;27;5705
29075-115;Praça da Família;s/n;Goiabeiras;Vitória;ES;3205309;;27;5705
29072-027;Praça Solon Borges;s/n;Solon Borges;Vitória;ES;3205309;;27;5705
29051-170;Praça Primo Pretti;s/n;Ilha de Santa Maria;Vitória;ES;3205309;;27;5705
29027-043;Praça Ely de Souza;s/n;Ariovaldo Favalessa;Vitória;ES;3205309;;27;5705
29065-800;Praça Steid Schwan;s/n;Mata da Praia;Vitória;ES;3205309;;27;5705
29043-515;Praça Mário Tozzi;s/n;Tabuazeiro;Vitória;ES;3205309;;27;5705
29065-075;Praça Werner Braun;s/n;Mata da Praia;Vitória;ES;3205309;;27;5705
29047-863;Praça São Benedito;s/n;São Benedito;Vitória;ES;3205309;;27;5705
29018-665;Praça Adélia Buaiz;s/n;Santa Clara;Vitória;ES;3205309;;27;5705
29055-500;Praça dos Namorados;s/n;Praia do Canto;Vitória;ES;3205309;;27;5705
29043-010;Praça Vicente Guida;s/n;Maruípe;Vitória;ES;3205309;;27;5705
29026-092;Praça Manoel Rangel;s/n;Santo Antônio;Vitória;ES;3205309;;27;5705
29010-080;Praça Costa Pereira;s/n;Centro;Vitória;ES;3205309;;27;5705
29010-918;Praça Costa Pereira;52;Centro;Vitória;ES;3205309;;27;5705
29056-130;Praça Carlos Crepaz;s/n;Santa Lúcia;Vitória;ES;3205309;;27;5705
29072-005;Praça Odilon Grijó;s/n;Solon Borges;Vitória;ES;3205309;;27;5705
29010-610;Praça Pedro Caetano;s/n;Centro;Vitória;ES;3205309;;27;5705
29065-790;Praça Bruno Rezende;s/n;Mata da Praia;Vitória;ES;3205309;;27;5705
29065-780;Praça Wilson Soares;s/n;Mata da Praia;Vitória;ES;3205309;;27;5705
29051-060;Praça Graciano Dias;s/n;Ilha de Santa Maria;Vitória;ES;3205309;;27;5705
29045-483;Praça Nelson Rangel;s/n;Consolação;Vitória;ES;3205309;;27;5705
29042-800;Praça Altemar Dutra;s/n;de Lourdes;Vitória;ES;3205309;;27;5705
29056-042;Praça Alice Quintela;s/n;Santa Lúcia;Vitória;ES;3205309;;27;5705
29051-156;Praça Oscar Loureiro;s/n;Ilha de Santa Maria;Vitória;ES;3205309;;27;5705
29015-110;Praça João Clímaco;s/n;Centro;Vitória;ES;3205309;;27;5705
29065-270;Praça Marien Calixte;s/n;Mata da Praia;Vitória;ES;3205309;;27;5705
29026-135;Praça Manoel Pereira;s/n;Santo Antônio;Vitória;ES;3205309;;27;5705
29046-577;Praça Álvaro Amorim;s/n;Santa Martha;Vitória;ES;3205309;;27;5705
29015-901;Praça João Clímaco;10;Centro;Vitória;ES;3205309;;27;5705
29026-082;Praça Estela Coimbra;s/n;Santo Antônio;Vitória;ES;3205309;;27;5705
29060-430;Praça Antônio Stiba;s/n;Jardim da Penha;Vitória;ES;3205309;;27;5705
29065-770;Praça Oreste Volponi;s/n;Mata da Praia;Vitória;ES;3205309;;27;5705
29027-110;Praça Doutor Athayde;s/n;do Quadro;Vitória;ES;3205309;;27;5705
29060-840;Praça Wolghano Netto;s/n;Jardim da Penha;Vitória;ES;3205309;;27;5705
29065-760;Praça Belino Marchezi;s/n;Mata da Praia;Vitória;ES;3205309;;27;5705
29040-720;Praça Asdrubal Soares;s/n;Jucutuquara;Vitória;ES;3205309;;27;5705
74810-060;Praça G;s/n;Jardim Goiás;Goiânia;GO;5208707;;62;9373
74533-280;Praça C;s/n;Setor Coimbra;Goiânia;GO;5208707;;62;9373
74363-180;Praça D;s/n;Conjunto Cachoeira Dourada;Goiânia;GO;5208707;;62;9373
74870-010;Praça A;s/n;Conjunto Fabiana;Goiânia;GO;5208707;;62;9373
74210-081;Praça C;s/n;Setor Bueno;Goiânia;GO;5208707;;62;9373
74415-070;Praça C;s/n;Vila Nova Canaã;Goiânia;GO;5208707;;62;9373
74455-525;Praça 7;s/n;Residencial Cidade Verde;Goiânia;GO;5208707;;62;9373
74805-030;Praça B;s/n;Jardim Goiás;Goiânia;GO;5208707;;62;9373
74363-170;Praça A;s/n;Conjunto Cachoeira Dourada;Goiânia;GO;5208707;;62;9373
74363-210;Praça E;s/n;Conjunto Cachoeira Dourada;Goiânia;GO;5208707;;62;9373
74870-070;Praça B;s/n;Conjunto Fabiana;Goiânia;GO;5208707;;62;9373
74685-800;Praça A;s/n;Vila Jardim São Judas Tadeu;Goiânia;GO;5208707;;62;9373
74354-649;Praça A;s/n;Jardim Caravelas 1ª Etapa;Goiânia;GO;5208707;;62;9373
74805-060;Praça C;s/n;Jardim Goiás;Goiânia;GO;5208707;;62;9373
74363-030;Praça B;s/n;Conjunto Cachoeira Dourada;Goiânia;GO;5208707;;62;9373
74363-220;Praça F;s/n;Conjunto Cachoeira Dourada;Goiânia;GO;5208707;;62;9373
74870-080;Praça C;s/n;Conjunto Fabiana;Goiânia;GO;5208707;;62;9373
74415-040;Praça A;s/n;Vila Nova Canaã;Goiânia;GO;5208707;;62;9373
74845-150;Praça A;s/n;Vila Redenção;Goiânia;GO;5208707;;62;9373
74685-120;Praça C;s/n;Vila Jardim São Judas Tadeu;Goiânia;GO;5208707;;62;9373
74805-080;Praça D;s/n;Jardim Goiás;Goiânia;GO;5208707;;62;9373
74363-040;Praça C;s/n;Conjunto Cachoeira Dourada;Goiânia;GO;5208707;;62;9373
74363-230;Praça G;s/n;Conjunto Cachoeira Dourada;Goiânia;GO;5208707;;62;9373
74805-050;Praça A;s/n;Jardim Goiás;Goiânia;GO;5208707;;62;9373
74435-010;Praça B;s/n;Aeroviário;Goiânia;GO;5208707;;62;9373
74810-040;Praça E;s/n;Jardim Goiás;Goiânia;GO;5208707;;62;9373
74305-040;Praça C4;s/n;Setor Sudoeste;Goiânia;GO;5208707;;62;9373
74673-210;Praça J7;s/n;Setor Jaó;Goiânia;GO;5208707;;62;9373
74305-050;Praça C6;s/n;Setor Sudoeste;Goiânia;GO;5208707;;62;9373
74770-215;Praça 21;s/n;Vila Pedroso;Goiânia;GO;5208707;;62;9373
74305-060;Praça C5;s/n;Setor Sudoeste;Goiânia;GO;5208707;;62;9373
74305-090;Praça C7;s/n;Setor Sudoeste;Goiânia;GO;5208707;;62;9373
74415-130;Praça C5;s/n;Vila Nova Canaã;Goiânia;GO;5208707;;62;9373
74673-230;Praça J9;s/n;Setor Jaó;Goiânia;GO;5208707;;62;9373
74305-160;Praça C8;s/n;Setor Sudoeste;Goiânia;GO;5208707;;62;9373
74265-370;Praça C2;s/n;Jardim América;Goiânia;GO;5208707;;62;9373
74303-290;Praça C9;s/n;Setor Sudoeste;Goiânia;GO;5208707;;62;9373
74673-590;Praça J43;s/n;Setor Jaó;Goiânia;GO;5208707;;62;9373
74305-140;Praça C12;s/n;Setor Sudoeste;Goiânia;GO;5208707;;62;9373
74303-130;Praça C13;s/n;Setor Sudoeste;Goiânia;GO;5208707;;62;9373
74805-110;Praça J 1;s/n;Jardim Goiás;Goiânia;GO;5208707;;62;9373
74674-190;Praça J53;s/n;Setor Jaó;Goiânia;GO;5208707;;62;9373
74674-460;Praça J84;s/n;Setor Jaó;Goiânia;GO;5208707;;62;9373
74495-704;Praça A38;s/n;Conjunto Vera Cruz;Goiânia;GO;5208707;;62;9373
74303-120;Praça C14;s/n;Setor Sudoeste;Goiânia;GO;5208707;;62;9373
74674-215;Praça J58;s/n;Setor Jaó;Goiânia;GO;5208707;;62;9373
65053-230;Praça Um;s/n;COHAB Anil II;São Luís;MA;2111300;;98;921
65072-890;Praça Morros;s/n;Quintas do Calhau;São Luís;MA;2111300;;98;921
65073-330;Rua da Praça;(Cohajoli);Vila Vicente Fialho;São Luís;MA;2111300;;98;921
65077-352;Praça do Sol;s/n;Ponta D'Areia;São Luís;MA;2111300;;98;921
65020-180;Praça Deodoro;s/n;Centro;São Luís;MA;2111300;;98;921
65010-382;Praça Reviver;s/n;Centro;São Luís;MA;2111300;;98;921
65067-290;Praça da Igreja;s/n;Olho D'Água;São Luís;MA;2111300;;98;921
65093-338;Praça da União;s/n;Estiva;São Luís;MA;2111300;;98;921
65053-150;Praça Tom Bower;s/n;COHAB Anil III;São Luís;MA;2111300;;98;921
65092-312;Praça da Igreja;s/n;Quebra Pote;São Luís;MA;2111300;;98;921
65076-680;Praça da Matriz;s/n;São Francisco;São Luís;MA;2111300;;98;921
65085-800;Praça do Mercado;s/n;Anjo da Guarda;São Luís;MA;2111300;;98;921
65015-020;Praça da Alegria;s/n;Centro;São Luís;MA;2111300;;98;921
65020-530;Praça Santaninha;s/n;Centro;São Luís;MA;2111300;;98;921
65026-240;Praça São Roque;s/n;Lira;São Luís;MA;2111300;;98;921
65026-220;Praça São Pedro;s/n;Madre Deus;São Luís;MA;2111300;;98;921
65025-150;Praça da Bíblia;s/n;Coréia;São Luís;MA;2111300;;98;921
65031-190;Praça do Mercado;s/n;Fátima;São Luís;MA;2111300;;98;921
65010-610;Praça São João;s/n;Centro;São Luís;MA;2111300;;98;921
65051-610;Praça Nimuendaju;s/n;COHAB Anil III;São Luís;MA;2111300;;98;921
65031-670;Praça Tamandaré;s/n;Fátima;São Luís;MA;2111300;;98;921
65050-390;Praça Ben Gurion;s/n;COHAB Anil III;São Luís;MA;2111300;;98;921
65015-470;Praça da Saudade;s/n;Centro;São Luís;MA;2111300;;98;921
65020-430;Praça do Panteon;s/n;Centro;São Luís;MA;2111300;;98;921
65051-260;Praça João Leda;s/n;COHAB Anil III;São Luís;MA;2111300;;98;921
65010-840;Praça do Pescador;s/n;Centro;São Luís;MA;2111300;;98;921
65082-750;Praça Sousa Gomes;s/n;Vila Nova;São Luís;MA;2111300;;98;921
65050-520;Praça Cirilo Lima;s/n;COHAB Anil III;São Luís;MA;2111300;;98;921
65030-160;Praça da Bandeira;s/n;Fátima;São Luís;MA;2111300;;98;921
65070-230;Praça do Colégio;s/n;Vila Vicente Fialho;São Luís;MA;2111300;;98;921
65051-100;Praça Henry Coster;s/n;COHAB Anil III;São Luís;MA;2111300;;98;921
65053-040;Praça Santana Nery;s/n;COHAB Anil III;São Luís;MA;2111300;;98;921
65010-310;Praça João Lisboa;s/n;Centro;São Luís;MA;2111300;;98;921
65052-800;Praça Paes Barreto;s/n;COHAB Anil III;São Luís;MA;2111300;;98;921
65035-700;Praça São Vicente;s/n;Apeadouro;São Luís;MA;2111300;;98;921
65026-190;Praça São Lázaro;s/n;Madre Deus;São Luís;MA;2111300;;98;921
65010-240;Praça Fran Pacheco;s/n;Centro;São Luís;MA;2111300;;98;921
65051-170;Praça Ivo D'eureux;s/n;COHAB Anil III;São Luís;MA;2111300;;98;921
65051-410;Praça Leon Righini;s/n;COHAB Anil III;São Luís;MA;2111300;;98;921
65045-700;Praça José Sarney;s/n;Vila Palmeira;São Luís;MA;2111300;;98;921
65071-483;Praça João Mohana;s/n;Calhau;São Luís;MA;2111300;;98;921
65051-840;Praça Rita Medeiro;s/n;COHAB Anil III;São Luís;MA;2111300;;98;921
65095-507;Praça Marly Sarney;s/n;Vila Esperança;São Luís;MA;2111300;;98;921
65051-490;Praça Manuel Borba;s/n;COHAB Anil III;São Luís;MA;2111300;;98;921
65031-150;Praça Menino Jesus;s/n;Fátima;São Luís;MA;2111300;;98;921
65026-040;Praça Neto Guterres;s/n;Madre Deus;São Luís;MA;2111300;;98;921
65051-760;Praça Pompeu Galdin;s/n;COHAB Anil III;São Luís;MA;2111300;;98;921
65066-280;Praça Coronel Paiva;s/n;Turu;São Luís;MA;2111300;;98;921
78065-188;Praça Paris;s/n;Jardim Tropical;Cuiabá;MT;5103403;;65;9067
78065-135;Praça Madrid;s/n;Jardim Tropical;Cuiabá;MT;5103403;;65;9067
78005-260;Praça Ipiranga;s/n;Centro-Norte;Cuiabá;MT;5103403;;65;9067
78065-139;Praça Telavive;s/n;Jardim Tropical;Cuiabá;MT;5103403;;65;9067
78049-428;Praça Primavera;s/n;Condomínio Florais Cuiabá Residencial;Cuiabá;MT;5103403;;65;9067
78005-360;Praça Alencastro;s/n;Centro-Norte;Cuiabá;MT;5103403;;65;9067
78005-906;Praça Alencastro;158;Centro-Norte;Cuiabá;MT;5103403;;65;9067
78008-565;Praça do Rosário;s/n;Lixeira;Cuiabá;MT;5103403;;65;9067
78025-060;Praça Maria Ricci;s/n;Porto;Cuiabá;MT;5103403;;65;9067
78005-090;Praça Dona Bem-Bem;s/n;Centro-Norte;Cuiabá;MT;5103403;;65;9067
78005-959;Praça da República;101;Centro-Norte;Cuiabá;MT;5103403;;65;9067
78070-218;Praça dos Viajantes;s/n;Jardim Shangri-La;Cuiabá;MT;5103403;;65;9067
78015-325;Praça do Seminário;s/n;Dom Aquino;Cuiabá;MT;5103403;;65;9067
78005-240;Praça da República;s/n;Centro-Norte;Cuiabá;MT;5103403;;65;9067
78005-970;Praça da República;101;Centro-Norte;Cuiabá;MT;5103403;;65;9067
78005-320;Praça Rachidy Jaudy;s/n;Centro-Norte;Cuiabá;MT;5103403;;65;9067
78045-480;Praça Oito de Abril;s/n;Popular;Cuiabá;MT;5103403;;65;9067
78045-230;Praça Santos Dumont;s/n;Quilombo;Cuiabá;MT;5103403;;65;9067
78045-250;Praça General Mallet;s/n;Quilombo;Cuiabá;MT;5103403;;65;9067
78020-010;Praça Moreira Cabral;s/n;Centro-Sul;Cuiabá;MT;5103403;;65;9067
78031-050;Praça Inconfidência;(Lot Jd Independência);Cidade Alta;Cuiabá;MT;5103403;;65;9067
78015-635;Praça dos Motoristas;s/n;Poção;Cuiabá;MT;5103403;;65;9067
78049-404;Praça das Margaridas;s/n;Condomínio Florais Cuiabá Residencial;Cuiabá;MT;5103403;;65;9067
78005-160;Praça Antônio Correa;s/n;Centro-Norte;Cuiabá;MT;5103403;;65;9067
78010-110;Praça Bispo Dom José;s/n;Bandeirantes;Cuiabá;MT;5103403;;65;9067
78043-388;Praça Sávio Brandão;s/n;Duque de Caxias;Cuiabá;MT;5103403;;65;9067
78032-025;Praça Clóvis Cardoso;s/n;Goiabeira;Cuiabá;MT;5103403;;65;9067
78032-070;Praça Manoel Murtinho;s/n;Goiabeira;Cuiabá;MT;5103403;;65;9067
78020-180;Praça Almirante Barroso;s/n;Centro-Sul;Cuiabá;MT;5103403;;65;9067
78025-130;Praça Major João Bueno;s/n;Porto;Cuiabá;MT;5103403;;65;9067
78005-110;Praça Visconde de Taunay;s/n;Centro-Norte;Cuiabá;MT;5103403;;65;9067
78045-130;Praça Marquês de Pombal;(Lot Sta Helena);Quilombo;Cuiabá;MT;5103403;;65;9067
78010-255;Praça Assis Chateaubriand;s/n;Areão;Cuiabá;MT;5103403;;65;9067
78058-717;Praça dos Expedicionários;s/n;Novo Mato Grosso;Cuiabá;MT;5103403;;65;9067
78025-080;Praça Luís de Albuquerque;s/n;Porto;Cuiabá;MT;5103403;;65;9067
78070-076;Praça Nossa Senhora da Paz;s/n;Jardim Petrópolis;Cuiabá;MT;5103403;;65;9067
78005-070;Praça Caetano de Albuquerque;s/n;Centro-Norte;Cuiabá;MT;5103403;;65;9067
78032-155;Praça Mário Augusto de Pinho;s/n;Goiabeira;Cuiabá;MT;5103403;;65;9067
78015-175;Praça Nossa Senhora Auxiliadora;s/n;Dom Aquino;Cuiabá;MT;5103403;;65;9067
78045-360;Praça Presidente Eurico Gaspar Dutra;s/n;Popular;Cuiabá;MT;5103403;;65;9067
78045-450;Praça Tenente Antônio João Ribeiro;s/n;Popular;Cuiabá;MT;5103403;;65;9067
79092-275;Praça Leblon;s/n;Jardim Leblon;Campo Grande;MS;5002704;;67;9051
79041-655;Praça Regina;s/n;Jardim São Lourenço;Campo Grande;MS;5002704;;67;9051
79010-710;Praça Brasil;s/n;Coronel Antonino;Campo Grande;MS;5002704;;67;9051
79015-420;Rua da Praça;s/n;Jardim Presidente;Campo Grande;MS;5002704;;67;9051
79008-281;Praça Cuiabá;s/n;Amambaí;Campo Grande;MS;5002704;;67;9051
79052-610;Praça Sílica;s/n;Coopharádio;Campo Grande;MS;5002704;;67;9051
79009-755;Praça Ibiscus;s/n;São Francisco;Campo Grande;MS;5002704;;67;9051
79009-025;Praça Sumaré;s/n;Vila Planalto;Campo Grande;MS;5002704;;67;9051
79112-295;Praça Nazaré;s/n;Vila Palmira;Campo Grande;MS;5002704;;67;9051
79052-570;Praça Coloidal;s/n;Coopharádio;Campo Grande;MS;5002704;;67;9051
79052-620;Praça Titânio;s/n;Coopharádio;Campo Grande;MS;5002704;;67;9051
79011-201;Praça Monumento;s/n;Coronel Antonino;Campo Grande;MS;5002704;;67;9051
79106-015;Praça do Rodeio;s/n;Jardim Aeroporto;Campo Grande;MS;5002704;;67;9051
79090-320;Praça Faria Lima;s/n;Jardim Aeroporto;Campo Grande;MS;5002704;;67;9051
79009-273;Praça das Túias;s/n;São Francisco;Campo Grande;MS;5002704;;67;9051
79008-282;Praça das Araras;s/n;Amambaí;Campo Grande;MS;5002704;;67;9051
79005-071;Praça Chaia Jacob;s/n;Amambaí;Campo Grande;MS;5002704;;67;9051
79009-272;Praça Samambáias;s/n;São Francisco;Campo Grande;MS;5002704;;67;9051
79118-680;Praça Júlio Lugo;s/n;São Francisco;Campo Grande;MS;5002704;;67;9051
79004-605;Praça Rui Barbosa;s/n;Jardim Monte Líbano;Campo Grande;MS;5002704;;67;9051
79023-271;Praça do Cruzeiro;s/n;Vila Margarida;Campo Grande;MS;5002704;;67;9051
79081-132;Praça Piratininga;s/n;Vila Piratininga;Campo Grande;MS;5002704;;67;9051
79102-461;Praça Santa Luzia;s/n;Jardim Imá;Campo Grande;MS;5002704;;67;9051
79041-165;Praça João XXIII;s/n;Jardim São Lourenço;Campo Grande;MS;5002704;;67;9051
79110-585;Praça das Boninas;s/n;Sobrinho;Campo Grande;MS;5002704;;67;9051
79042-883;Travessa da Praça;s/n;Residencial Estrela Park;Campo Grande;MS;5002704;;67;9051
79081-131;Praça Fernão Dias;s/n;Vila Piratininga;Campo Grande;MS;5002704;;67;9051
79110-520;Praça das Amarilis;s/n;Sobrinho;Campo Grande;MS;5002704;;67;9051
79009-271;Praça Pé de Cedro;s/n;São Francisco;Campo Grande;MS;5002704;;67;9051
79063-131;Praça Pequena Flor;s/n;Conjunto Residencial Recanto dos Rouxinóis;Campo Grande;MS;5002704;;67;9051
79106-365;Praça Guri Marques;s/n;Vila Nova Campo Grande;Campo Grande;MS;5002704;;67;9051
79062-271;Praça Jorge Nissan;s/n;Jardim Itamaracá;Campo Grande;MS;5002704;;67;9051
79040-811;Praça João Vieira;s/n;Chácara Cachoeira;Campo Grande;MS;5002704;;67;9051
79052-211;Praça Calciledônia;s/n;Coopharádio;Campo Grande;MS;5002704;;67;9051
79008-311;Praça Costa Marques;s/n;Amambaí;Campo Grande;MS;5002704;;67;9051
79110-545;Praça dos Gerânios;s/n;Sobrinho;Campo Grande;MS;5002704;;67;9051
79011-541;Praça Monte Castelo;s/n;Monte Castelo;Campo Grande;MS;5002704;;67;9051
79110-523;Praça das Begônias;s/n;Sobrinho;Campo Grande;MS;5002704;;67;9051
79002-391;Praça da República;s/n;Centro;Campo Grande;MS;5002704;;67;9051
79117-305;Praça da Concórdia;s/n;Vila Marli;Campo Grande;MS;5002704;;67;9051
79002-021;Praça dos Imigrantes;s/n;Centro;Campo Grande;MS;5002704;;67;9051
79110-583;Praça das Magnólias;s/n;Sobrinho;Campo Grande;MS;5002704;;67;9051
79118-670;Praça Independência;s/n;São Francisco;Campo Grande;MS;5002704;;67;9051
79084-087;Praça Adolpho Tognini;s/n;Conjunto Aero Rancho;Campo Grande;MS;5002704;;67;9051
79036-320;Praça Nipo Brasileira;s/n;Vila Nascente;Campo Grande;MS;5002704;;67;9051
79010-760;Praça General Osório;s/n;Coronel Antonino;Campo Grande;MS;5002704;;67;9051
79021-173;Praça Adolpho Tognini;s/n;Coophafé;Campo Grande;MS;5002704;;67;9051
79090-010;Praça Tenente Monteiro;s/n;Vila Taveirópolis;Campo Grande;MS;5002704;;67;9051
79005-602;Praça Primeiro de Maio;s/n;Vila Carvalho;Campo Grande;MS;5002704;;67;9051
79002-521;Praça Ângelo Fragelli;s/n;Jardim dos Estados;Campo Grande;MS;5002704;;67;9051
30626-590;Praça D;s/n;Flávio de Oliveira (Barreiro);Belo Horizonte;MG;3106200;;31;4123
30421-425;Praça Apa;s/n;Jardim América;Belo Horizonte;MG;3106200;;31;4123
31620-160;Praça Elba;s/n;Europa;Belo Horizonte;MG;3106200;;31;4123
30830-242;Praça Dois;s/n;Glória;Belo Horizonte;MG;3106200;;31;4123
31140-050;Praça Poá;s/n;Graça;Belo Horizonte;MG;3106200;;31;4123
30730-550;Praça Tejo;s/n;Padre Eustáquio;Belo Horizonte;MG;3106200;;31;4123
30530-120;Praça Chuí;s/n;Alto dos Pinheiros;Belo Horizonte;MG;3106200;;31;4123
30150-180;Praça Lions;s/n;Floresta;Belo Horizonte;MG;3106200;;31;4123
30330-280;Praça Cairo;s/n;Santo Antônio;Belo Horizonte;MG;3106200;;31;4123
30865-240;Praça Três;s/n;Jardim Filadélfia;Belo Horizonte;MG;3106200;;31;4123
31620-320;Praça Malta;s/n;Europa;Belo Horizonte;MG;3106200;;31;4123
30431-295;Praça Itobi;s/n;Nova Granada;Belo Horizonte;MG;3106200;;31;4123
30730-150;Praça Diniz;s/n;Padre Eustáquio;Belo Horizonte;MG;3106200;;31;4123
31620-410;Praça Creta;s/n;Europa;Belo Horizonte;MG;3106200;;31;4123
31620-580;Praça Rodes;s/n;Europa;Belo Horizonte;MG;3106200;;31;4123
31130-520;Praça Muqui;s/n;Renascença;Belo Horizonte;MG;3106200;;31;4123
30518-190;Praça Cauê;s/n;Madre Gertrudes;Belo Horizonte;MG;3106200;;31;4123
31575-050;Praça Paris;s/n;Lagoinha Leblon (Venda Nova);Belo Horizonte;MG;3106200;;31;4123
30692-510;Praça da Luz;s/n;Itaipu (Barreiro);Belo Horizonte;MG;3106200;;31;4123
30720-140;Praça Rialto;s/n;Padre Eustáquio;Belo Horizonte;MG;3106200;;31;4123
31035-440;Praça Penedo;s/n;Sagrada Família;Belo Horizonte;MG;3106200;;31;4123
30830-220;Praça Pietá;s/n;Glória;Belo Horizonte;MG;3106200;;31;4123
31080-410;Praça Cajuri;s/n;Santa Inês;Belo Horizonte;MG;3106200;;31;4123
30622-240;Praça da Fé;s/n;Araguaia;Belo Horizonte;MG;3106200;;31;4123
30690-460;Praça Dália;s/n;Lindéia (Barreiro);Belo Horizonte;MG;3106200;;31;4123
31130-010;Praça Irajá;s/n;São Cristóvão;Belo Horizonte;MG;3106200;;31;4123
30280-110;Praça Abadia;s/n;Esplanada;Belo Horizonte;MG;3106200;;31;4123
31585-335;Praça Quatro;s/n;Céu Azul;Belo Horizonte;MG;3106200;;31;4123
31210-820;Praça Bonfim;s/n;Bonfim;Belo Horizonte;MG;3106200;;31;4123
31620-360;Praça Chipre;s/n;Europa;Belo Horizonte;MG;3106200;;31;4123
30360-610;Praça do Sol;s/n;Santa Lúcia;Belo Horizonte;MG;3106200;;31;4123
30624-140;Praça Marabu;s/n;Flávio Marques Lisboa (Barreiro);Belo Horizonte;MG;3106200;;31;4123
31035-500;Praça Itambi;s/n;Sagrada Família;Belo Horizonte;MG;3106200;;31;4123
30514-190;Praça Itueta;s/n;Vista Alegre;Belo Horizonte;MG;3106200;;31;4123
31230-475;Praça Acobane;s/n;Nova Esperança;Belo Horizonte;MG;3106200;;31;4123
31110-610;Praça México;s/n;Concórdia;Belo Horizonte;MG;3106200;;31;4123
31130-410;Praça Urupês;s/n;Renascença;Belo Horizonte;MG;3106200;;31;4123
30692-340;Praça Roseira;s/n;Jatobá (Barreiro);Belo Horizonte;MG;3106200;;31;4123
31570-630;Praça Diadema;s/n;Piratininga (Venda Nova);Belo Horizonte;MG;3106200;;31;4123
31620-110;Praça Maiorca;s/n;Europa;Belo Horizonte;MG;3106200;;31;4123
31130-060;Praça Rincão;s/n;Cachoeirinha;Belo Horizonte;MG;3106200;;31;4123
30512-598;Beco da Praça;s/n;Cabana do Pai Tomás;Belo Horizonte;MG;3106200;;31;4123
31235-090;Praça Ramatis;s/n;Aparecida;Belo Horizonte;MG;3106200;;31;4123
30664-220;Praça Cívica;s/n;Conjunto Habitacional Vale do Jatobá (Barreiro);Belo Horizonte;MG;3106200;;31;4123
30690-390;Praça Manacá;s/n;Lindéia (Barreiro);Belo Horizonte;MG;3106200;;31;4123
31340-540;Praça Toscana;s/n;Bandeirantes (Pampulha);Belo Horizonte;MG;3106200;;31;4123
30620-660;Praça do Reno;s/n;Milionários (Barreiro);Belo Horizonte;MG;3106200;;31;4123
31050-630;Praça Guaraci;s/n;São Geraldo;Belo Horizonte;MG;3106200;;31;4123
30525-400;Praça Atalaia;s/n;Camargos;Belo Horizonte;MG;3106200;;31;4123
30180-040;Praça Pio XII;s/n;Santo Agostinho;Belo Horizonte;MG;3106200;;31;4123
66920-490;Rua da Praça;s/n;São Francisco (Mosqueiro);Belém;PA;1501402;;91;427
66050-050;Praça Brasil;s/n;Umarizal;Belém;PA;1501402;;91;427
66010-040;Praça Kennedy;s/n;Campina;Belém;PA;1501402;;91;427
66020-130;Praça do Carmo;s/n;Cidade Velha;Belém;PA;1501402;;91;427
66025-070;Praça Amazonas;s/n;Jurunas;Belém;PA;1501402;;91;427
66019-010;Praça Maranhão;s/n;Campina;Belém;PA;1501402;;91;427
66053-140;Praça Magalhães;s/n;Reduto;Belém;PA;1501402;;91;427
66090-370;Praça da Leitura;s/n;São Brás;Belém;PA;1501402;;91;427
66015-050;Praça da Bandeira;s/n;Campina;Belém;PA;1501402;;91;427
66113-510;Praça Centenário;s/n;Telégrafo Sem Fio;Belém;PA;1501402;;91;427
66077-470;Praça Olavo Bilac;s/n;Terra Firme;Belém;PA;1501402;;91;427
66020-510;Praça do Relógio;s/n;Cidade Velha;Belém;PA;1501402;;91;427
66013-110;Praça do Pescador;s/n;Campina;Belém;PA;1501402;;91;427
66015-900;Praça Dom Pedro II;s/n;Campina;Belém;PA;1501402;;91;427
66090-500;Praça do Operário;s/n;São Brás;Belém;PA;1501402;;91;427
66023-620;Praça Veiga Cabral;s/n;Cidade Velha;Belém;PA;1501402;;91;427
66010-160;Praça das Mercedes;s/n;Campina;Belém;PA;1501402;;91;427
66020-240;Praça Dom Pedro II;s/n;Cidade Velha;Belém;PA;1501402;;91;427
66090-902;Praça do Operário;s/n;São Brás;Belém;PA;1501402;;91;427
66050-450;Praça Santos Dumont;s/n;Umarizal;Belém;PA;1501402;;91;427
66015-100;Praça Coaraci Nunes;s/n;Batista Campos;Belém;PA;1501402;;91;427
66017-060;Praça da República;s/n;Campina;Belém;PA;1501402;;91;427
66918-410;Travessa da Praça I;s/n;Murubira (Mosqueiro);Belém;PA;1501402;;91;427
66115-550;Praça Capitão Rosa;s/n;Val-de-Cães;Belém;PA;1501402;;91;427
66020-450;Praça Onze de Junho;s/n;Cidade Velha;Belém;PA;1501402;;91;427
66023-075;Vila Praça Amazonas;s/n;Cidade Velha;Belém;PA;1501402;;91;427
66033-180;Praça Batista Campos;s/n;Batista Campos;Belém;PA;1501402;;91;427
66035-140;Praça Justo Chermont;s/n;Nazaré;Belém;PA;1501402;;91;427
66123-380;Praça Adaldino Gomes;s/n;Sacramenta;Belém;PA;1501402;;91;427
66918-400;Travessa da Praça II;s/n;Murubira (Mosqueiro);Belém;PA;1501402;;91;427
66015-901;Praça Felipe Patroni;s/n;Campina;Belém;PA;1501402;;91;427
66812-280;Praça Moura Carvalho;s/n;Ponta Grossa (Icoaraci);Belém;PA;1501402;;91;427
66050-060;Praça Camilo Salgado;s/n;Umarizal;Belém;PA;1501402;;91;427
66015-260;Praça Felipe Patroni;s/n;Cidade Velha;Belém;PA;1501402;;91;427
66120-720;Praça João Dias Paes;s/n;Sacramenta;Belém;PA;1501402;;91;427
66065-590;Praça Princesa Isabel;s/n;Condor;Belém;PA;1501402;;91;427
66810-230;Praça Paes de Carvalho;s/n;Cruzeiro (Icoaraci);Belém;PA;1501402;;91;427
66010-030;Praça Dom Macedo Costa;s/n;Campina;Belém;PA;1501402;;91;427
66090-971;Praça Floriano Peixoto;133;São Brás;Belém;PA;1501402;;91;427
66613-840;Praça São Cristóvão;s/n;Souza;Belém;PA;1501402;;91;427
66085-000;Praça Eneida de Moraes;s/n;Pedreira;Belém;PA;1501402;;91;427
66840-830;Praça Bruno de Menezes;s/n;São João do Outeiro (Outeiro);Belém;PA;1501402;;91;427
66090-090;Praça Bruno de Menezes;s/n;São Brás;Belém;PA;1501402;;91;427
66090-290;Praça Floriano Peixoto;s/n;São Brás;Belém;PA;1501402;;91;427
66020-150;Praça Carneiro da Rocha;s/n;Cidade Velha;Belém;PA;1501402;;91;427
66613-120;Praça Pandiá Calógeras;s/n;Souza;Belém;PA;1501402;;91;427
66019-030;Praça Barão de Guajará;s/n;Campina;Belém;PA;1501402;;91;427
66030-365;Passagem A Praça é Nossa;s/n;Jurunas;Belém;PA;1501402;;91;427
66015-060;Praça Barão do Rio Branco;s/n;Campina;Belém;PA;1501402;;91;427
66623-760;Praça Sônia Maria Frazão;s/n;Marambaia;Belém;PA;1501402;;91;427
58010-680;Praça Socic;s/n;Varadouro;João Pessoa;PB;2507507;;83;2051
58043-115;Praça Rotary;s/n;Miramar;João Pessoa;PB;2507507;;83;2051
58030-262;Praça Sebrae;s/n;Estados;João Pessoa;PB;2507507;;83;2051
58080-815;Praça Esperança;s/n;Ernani Sátiro;João Pessoa;PB;2507507;;83;2051
58040-160;Praça Tiradentes;s/n;Torre;João Pessoa;PB;2507507;;83;2051
58010-670;Praça Dom Adauto;s/n;Centro;João Pessoa;PB;2507507;;83;2051
58010-740;Praça Dom Ulrico;s/n;Centro;João Pessoa;PB;2507507;;83;2051
58028-550;Praça São José;s/n;Ipês;João Pessoa;PB;2507507;;83;2051
58043-092;Praça Tito Silva;s/n;Miramar;João Pessoa;PB;2507507;;83;2051
58025-200;Praça Vilas Boas;s/n;Treze de Maio;João Pessoa;PB;2507507;;83;2051
58050-325;Praça da Bíblia;s/n;Castelo Branco;João Pessoa;PB;2507507;;83;2051
58010-610;Praça Olavo Bilac;s/n;Varadouro;João Pessoa;PB;2507507;;83;2051
58010-200;Praça do Trabalho;s/n;Varadouro;João Pessoa;PB;2507507;;83;2051
58033-140;Praça Jardim Luna;s/n;Brisamar;João Pessoa;PB;2507507;;83;2051
58015-030;Praça João XXIII;s/n;Jaguaribe;João Pessoa;PB;2507507;;83;2051
58015-770;Praça Simeão Leal;s/n;Jaguaribe;João Pessoa;PB;2507507;;83;2051
58013-900;Praça João Pessoa;s/n;Centro;João Pessoa;PB;2507507;;83;2051
58015-665;Praça do Motorista;s/n;Jaguaribe;João Pessoa;PB;2507507;;83;2051
58013-540;Praça Castro Pinto;s/n;Centro;João Pessoa;PB;2507507;;83;2051
58013-140;Praça João Pessoa;s/n;Centro;João Pessoa;PB;2507507;;83;2051
58040-360;Praça Pedro Gondim;s/n;Torre;João Pessoa;PB;2507507;;83;2051
58013-902;Praça João Pessoa;s/n;Centro;João Pessoa;PB;2507507;;83;2051
58028-835;Praça Ayrton Senna;s/n;Ipês;João Pessoa;PB;2507507;;83;2051
58050-545;Praça da Castanhola;s/n;Castelo Branco;João Pessoa;PB;2507507;;83;2051
58028-335;Praça Tacila Franca;s/n;Ipês;João Pessoa;PB;2507507;;83;2051
58050-370;Praça Abdon Milanez;s/n;Castelo Branco;João Pessoa;PB;2507507;;83;2051
58040-172;Praça Ex-Combatente;s/n;Torre;João Pessoa;PB;2507507;;83;2051
58010-901;Praça Pedro Américo;70;Centro;João Pessoa;PB;2507507;;83;2051
58031-065;Praça João Medeiros;s/n;Pedro Gondim;João Pessoa;PB;2507507;;83;2051
58010-320;Praça Aristides Lobo;s/n;Centro;João Pessoa;PB;2507507;;83;2051
58010-971;Praça Pedro Américo;70 Entrada Fundos;Centro;João Pessoa;PB;2507507;;83;2051
58035-023;Praça Josita Almeida;s/n;Bessa;João Pessoa;PB;2507507;;83;2051
58011-959;Praça Pedro Américo;70;Centro;João Pessoa;PB;2507507;;83;2051
58050-200;Praça Alves de Sousa;s/n;Castelo Branco;João Pessoa;PB;2507507;;83;2051
58010-340;Praça Pedro Américo;s/n;Centro;João Pessoa;PB;2507507;;83;2051
58010-650;Praça São Francisco;s/n;Centro;João Pessoa;PB;2507507;;83;2051
58039-030;Praça Santo Antônio;s/n;Tambaú;João Pessoa;PB;2507507;;83;2051
58050-055;Praça Tenente Lucena;s/n;Castelo Branco;João Pessoa;PB;2507507;;83;2051
58010-970;Praça Pedro Américo;70 Entrada Principal;Centro;João Pessoa;PB;2507507;;83;2051
58020-560;Praça Caldas Brandão;s/n;Tambiá;João Pessoa;PB;2507507;;83;2051
58010-530;Praça Álvaro Machado;s/n;Varadouro;João Pessoa;PB;2507507;;83;2051
58010-480;Praça Antenor Navarro;s/n;Varadouro;João Pessoa;PB;2507507;;83;2051
58011-020;Praça Venâncio Neiva;s/n;Centro;João Pessoa;PB;2507507;;83;2051
58051-670;Praça Cleide Veronesi;s/n;Jardim Cidade Universitária;João Pessoa;PB;2507507;;83;2051
58010-440;Praça Antônio Rabelo;s/n;Varadouro;João Pessoa;PB;2507507;;83;2051
58011-900;Praça Venâncio Neiva;s/n Bloco 2 Anexo 2;Centro;João Pessoa;PB;2507507;;83;2051
58050-340;Praça Jorge Valcasser;s/n;Castelo Branco;João Pessoa;PB;2507507;;83;2051
58050-380;Praça Raymundo Asfora;s/n;Castelo Branco;João Pessoa;PB;2507507;;83;2051
58011-460;Praça Índio Piragibe;s/n;Ilha do Bispo;João Pessoa;PB;2507507;;83;2051
58011-902;Praça Venâncio Neiva;11;Centro;João Pessoa;PB;2507507;;83;2051
80030-160;Praça Goethe;s/n;Alto da Glória;Curitiba;PR;4106902;;41;7535
82400-105;Praça Veneto;s/n;Butiatuvinha;Curitiba;PR;4106902;;41;7535
80210-180;Praça Itália;s/n;Jardim Botânico;Curitiba;PR;4106902;;41;7535
81200-232;Praça Carteiro;s/n;Mossunguê;Curitiba;PR;4106902;;41;7535
80620-510;Praça Hee Wing;s/n;Água Verde;Curitiba;PR;4106902;;41;7535
80020-080;Praça Zacarias;s/n;Centro;Curitiba;PR;4106902;;41;7535
80630-140;Praça Ipiranga;s/n;Guaíra;Curitiba;PR;4106902;;41;7535
80030-170;Praça Portugal;s/n;Alto da Glória;Curitiba;PR;4106902;;41;7535
80410-250;Praça Garibaldi;lado ímpar;São Francisco;Curitiba;PR;4106902;;41;7535
80510-370;Praça de Himeji;s/n;Mercês;Curitiba;PR;4106902;;41;7535
80510-210;Praça Garibaldi;lado par;São Francisco;Curitiba;PR;4106902;;41;7535
80240-180;Praça do Japão;s/n;Água Verde;Curitiba;PR;4106902;;41;7535
82200-312;Praça Tokio Ito;s/n;Ahú;Curitiba;PR;4106902;;41;7535
81310-032;Praça da União;s/n;Cidade Industrial;Curitiba;PR;4106902;;41;7535
80240-450;Praça da França;s/n;Seminário;Curitiba;PR;4106902;;41;7535
80020-100;Praça Tiradentes;s/n;Centro;Curitiba;PR;4106902;;41;7535
80035-190;Praça da Suíça;s/n;Cabral;Curitiba;PR;4106902;;41;7535
81560-680;Praça da Amizade;s/n;Uberaba;Curitiba;PR;4106902;;41;7535
80430-170;Praça da Espanha;s/n;Bigorrilho;Curitiba;PR;4106902;;41;7535
81920-272;Praça das Tendas;s/n;Sítio Cercado;Curitiba;PR;4106902;;41;7535
81520-202;Praça da Grécia;s/n;Jardim das Américas;Curitiba;PR;4106902;;41;7535
80050-190;Praça da Polônia;s/n;Cristo Rei;Curitiba;PR;4106902;;41;7535
80520-060;Praça da Bandeira;s/n;São Francisco;Curitiba;PR;4106902;;41;7535
80520-010;Praça do Redentor;s/n;São Francisco;Curitiba;PR;4106902;;41;7535
82640-490;Praça Semen Uniga;s/n;Santa Cândida;Curitiba;PR;4106902;;41;7535
80010-030;Praça Rui Barbosa;s/n;Centro;Curitiba;PR;4106902;;41;7535
80730-430;Praça da Ucrânia;s/n;Bigorrilho;Curitiba;PR;4106902;;41;7535
82520-010;Praça Villa-Lobos;s/n;Jardim Social;Curitiba;PR;4106902;;41;7535
82950-350;Praça Walt Disney;s/n;Cajuru;Curitiba;PR;4106902;;41;7535
80530-410;Praça Ellen White;s/n;Ahú;Curitiba;PR;4106902;;41;7535
81550-385;Praça Elias Jorge;s/n;Uberaba;Curitiba;PR;4106902;;41;7535
82100-705;Praça José Opolz;s/n;Pilarzinho;Curitiba;PR;4106902;;41;7535
82120-580;Praça Paulo Santi;s/n;Pilarzinho;Curitiba;PR;4106902;;41;7535
81250-620;Praça José Bório;s/n;Cidade Industrial;Curitiba;PR;4106902;;41;7535
82200-400;Praça Mounif Tacla;s/n;Ahú;Curitiba;PR;4106902;;41;7535
82120-540;Praça da Primavera;s/n;Pilarzinho;Curitiba;PR;4106902;;41;7535
82800-200;Praça Cova da Iria;s/n;Tarumã;Curitiba;PR;4106902;;41;7535
81560-645;Praça Renato Russo;s/n;Uberaba;Curitiba;PR;4106902;;41;7535
80520-610;Praça Werner Gross;s/n;Bom Retiro;Curitiba;PR;4106902;;41;7535
80040-080;Praça Isaac Milder;s/n;Juvevê;Curitiba;PR;4106902;;41;7535
80440-090;Praça Miguel Couto;s/n;Batel;Curitiba;PR;4106902;;41;7535
80510-060;Praça Odilon Mader;s/n;São Francisco;Curitiba;PR;4106902;;41;7535
82130-200;Praça Irmã Tereza;s/n;Abranches;Curitiba;PR;4106902;;41;7535
80250-230;Praça Oswaldo Cruz;s/n;Centro;Curitiba;PR;4106902;;41;7535
81305-200;Praça Ary de Souza;s/n;Cidade Industrial;Curitiba;PR;4106902;;41;7535
80010-140;Praça Carlos Gomes;s/n;Centro;Curitiba;PR;4106902;;41;7535
81550-370;Praça do Anhangava;s/n;Uberaba;Curitiba;PR;4106902;;41;7535
82700-590;Praça Júlio Dotti;s/n;Barreirinha;Curitiba;PR;4106902;;41;7535
81870-457;Praça Manoel Borba;s/n;Pinheirinho;Curitiba;PR;4106902;;41;7535
82840-280;Praça da Liberdade;s/n;Bairro Alto;Curitiba;PR;4106902;;41;7535
50760-390;Praça ABC;s/n;Mustardinha;Recife;PE;2611606;;81;2531
50770-100;Praça da Paz;s/n;Afogados;Recife;PE;2611606;;81;2531
52050-460;Praça da FEB;s/n;Encruzilhada;Recife;PE;2611606;;81;2531
50870-782;Praça do Sena;s/n;Caçote;Recife;PE;2611606;;81;2531
50800-210;Praça Caxanga;s/n;Caxangá;Recife;PE;2611606;;81;2531
52010-140;Praça do Derby;s/n;Derby;Recife;PE;2611606;;81;2531
50850-062;Praça do E m i;s/n;Afogados;Recife;PE;2611606;;81;2531
52010-900;Praça do Derby;s/n;Derby;Recife;PE;2611606;;81;2531
51345-337;Praça Pantanal;s/n;COHAB;Recife;PE;2611606;;81;2531
50751-600;Praça da Celpe;s/n;Bongi;Recife;PE;2611606;;81;2531
50020-595;Praça Dom Vital;lado ímpar;São José;Recife;PE;2611606;;81;2531
50010-160;Praça Dezessete;s/n;Santo Antônio;Recife;PE;2611606;;81;2531
50670-200;Praça Salgueiro;s/n;Iputinga;Recife;PE;2611606;;81;2531
50020-105;Praça Dom Vital;lado par;Santo Antônio;Recife;PE;2611606;;81;2531
52070-122;Praça Joca Leal;s/n;Casa Amarela;Recife;PE;2611606;;81;2531
50020-906;Praça Dom Vital;s/n;São José;Recife;PE;2611606;;81;2531
52490-200;Praça da Bíblia;(Vl Confiança);Guabiraba;Recife;PE;2611606;;81;2531
50030-320;Praça Rio Branco;s/n;Recife;Recife;PE;2611606;;81;2531
50030-480;Praça Tiradentes;s/n;Recife;Recife;PE;2611606;;81;2531
51250-491;Praça do Jordão;s/n;Jordão;Recife;PE;2611606;;81;2531
51021-080;Praça Boa Viagem;s/n;Boa Viagem;Recife;PE;2611606;;81;2531
51111-270;Praça La Corunã;s/n;Boa Viagem;Recife;PE;2611606;;81;2531
52071-005;Praça de Apipucos;s/n;Alto do Mandu;Recife;PE;2611606;;81;2531
50930-177;Praça Queira Deus;s/n;Tejipió;Recife;PE;2611606;;81;2531
50780-531;Praça James Thorp;s/n;Barro;Recife;PE;2611606;;81;2531
50030-460;Praça Artur Oscar;s/n;Recife;Recife;PE;2611606;;81;2531
52050-101;Praça Souto Filho;s/n;Tamarineira;Recife;PE;2611606;;81;2531
50030-911;Praça Artur Oscar;35;Recife;Recife;PE;2611606;;81;2531
50720-565;Praça da Bandeira;até 88/89;Madalena;Recife;PE;2611606;;81;2531
50750-560;Praça da Bandeira;de 90/91 ao fim;Ilha do Retiro;Recife;PE;2611606;;81;2531
50770-241;Praça do Paraíso;s/n;Afogados;Recife;PE;2611606;;81;2531
52210-075;Praça Amaro Lopes;s/n;Alto José do Pinho;Recife;PE;2611606;;81;2531
52070-650;Praça do Trabalho;s/n;Casa Amarela;Recife;PE;2611606;;81;2531
51011-590;Praça Jules Rimet;s/n;Boa Viagem;Recife;PE;2611606;;81;2531
52050-440;Praça da Jaqueira;s/n;Tamarineira;Recife;PE;2611606;;81;2531
52071-535;Praça do Monteiro;s/n;Monteiro;Recife;PE;2611606;;81;2531
50781-481;Praça Luiz Mattos;s/n;Areias;Recife;PE;2611606;;81;2531
50761-655;Praça da Cavalaria;s/n;San Martin;Recife;PE;2611606;;81;2531
52060-101;Praça Melvin Jones;s/n;Tamarineira;Recife;PE;2611606;;81;2531
50070-210;Praça Chora menino;s/n;Paissandu;Recife;PE;2611606;;81;2531
52031-001;Praça Campo Grande;s/n;Campo Grande;Recife;PE;2611606;;81;2531
50791-011;Praça da Liberdade;s/n;Coqueiral;Recife;PE;2611606;;81;2531
51130-600;Praça Seleção 70;s/n;Boa Viagem;Recife;PE;2611606;;81;2531
50050-911;Praça Oswaldo Cruz;s/n;Boa Vista;Recife;PE;2611606;;81;2531
52171-011;Praça Farias Neves;s/n;Dois Irmãos;Recife;PE;2611606;;81;2531
50720-210;Praça Jockey Clube;s/n;Prado;Recife;PE;2611606;;81;2531
50050-210;Praça Oswaldo Cruz;s/n;Soledade;Recife;PE;2611606;;81;2531
50090-280;Praça Abelardo Rijo;s/n;Cabanga;Recife;PE;2611606;;81;2531
50780-625;Praça Alfredo Pinto;s/n;Areias;Recife;PE;2611606;;81;2531
52061-420;Praça de Casa Forte;s/n;Casa Forte;Recife;PE;2611606;;81;2531
64051-065;Praça Opala;s/n;São Cristóvão;Teresina;PI;2211001;;86;1219
64008-045;Praça da Paz;s/n;Alto Alegre;Teresina;PI;2211001;;86;1219
64003-790;Praça do Gari;s/n;Acarape;Teresina;PI;2211001;;86;1219
64052-008;Praça Violeta;s/n;São Cristóvão;Teresina;PI;2211001;;86;1219
64001-200;Praça Saraiva;s/n;Centro;Teresina;PI;2211001;;86;1219
64001-100;Praça Pedro II;s/n;Centro;Teresina;PI;2211001;;86;1219
64077-097;Praça da Brita;s/n;Itararé;Teresina;PI;2211001;;86;1219
64046-120;Praça Girassol;s/n;Noivos;Teresina;PI;2211001;;86;1219
64000-715;Praça do Cabral;s/n;Cabral;Teresina;PI;2211001;;86;1219
64003-210;Praça São José;s/n;Vila Operária;Teresina;PI;2211001;;86;1219
64000-140;Praça Rio Branco;s/n;Centro;Teresina;PI;2211001;;86;1219
64018-340;Praça da Saudade;s/n;Vermelha;Teresina;PI;2211001;;86;1219
64001-405;Praça Santa Luzia;s/n;Centro;Teresina;PI;2211001;;86;1219
64019-690;Praça Hugo Bastos;s/n;Vermelha;Teresina;PI;2211001;;86;1219
64019-652;Praça Hugo Bastos;s/n;Tabuleta;Teresina;PI;2211001;;86;1219
64052-285;Praça Edson Veras;s/n;São Cristóvão;Teresina;PI;2211001;;86;1219
64018-629;Praça Pentecostal;s/n;Nossa Senhora das Graças;Teresina;PI;2211001;;86;1219
64018-627;Praça Elisa Alves;s/n;Nossa Senhora das Graças;Teresina;PI;2211001;;86;1219
64007-825;Praça da Harmonia;s/n;Itaperu;Teresina;PI;2211001;;86;1219
64014-417;Praça do Aconchego;s/n;Cristo Rei;Teresina;PI;2211001;;86;1219
64008-670;Praça Buenos Aires;s/n;Buenos Aires;Teresina;PI;2211001;;86;1219
64015-011;Praça Dom Severino;s/n;Piçarra;Teresina;PI;2211001;;86;1219
64002-290;Praça David Caldas;s/n;Mafuá;Teresina;PI;2211001;;86;1219
64015-122;Praça João Orsano;s/n;Piçarra;Teresina;PI;2211001;;86;1219
64000-040;Praça da Liberdade;s/n;Centro;Teresina;PI;2211001;;86;1219
64000-340;Praça João Gayoso;s/n;Centro;Teresina;PI;2211001;;86;1219
64000-925;Praça da Liberdade;s/n;Centro;Teresina;PI;2211001;;86;1219
64017-165;Praça José Livino;s/n;Monte Castelo;Teresina;PI;2211001;;86;1219
64000-220;Praça Landri Sales;s/n;Centro;Teresina;PI;2211001;;86;1219
64056-290;Praça Leda Torquato;s/n;Morada do Sol;Teresina;PI;2211001;;86;1219
64002-283;Praça Augusto Ferro;s/n;Mafuá;Teresina;PI;2211001;;86;1219
64002-082;Praça dos Namorados;s/n;Acarape;Teresina;PI;2211001;;86;1219
64001-080;Praça São Benedito;s/n;Centro;Teresina;PI;2211001;;86;1219
64006-012;Praça Santos Dumont;s/n;Aeroporto;Teresina;PI;2211001;;86;1219
64075-512;Praça Lineu Araújo;s/n;Beira Rio;Teresina;PI;2211001;;86;1219
64077-217;Praça da Esperança;s/n;Itararé;Teresina;PI;2211001;;86;1219
64077-187;Praça do Trabalhador;s/n;Itararé;Teresina;PI;2211001;;86;1219
64045-030;Praça Irmã Mercedes;s/n;Noivos;Teresina;PI;2211001;;86;1219
64003-100;Praça Fernando Costa;s/n;Porenquanto;Teresina;PI;2211001;;86;1219
64016-430;Praça Frei Heliodoro;s/n;Cristo Rei;Teresina;PI;2211001;;86;1219
64003-490;Praça Fernando Costa;s/n;Primavera;Teresina;PI;2211001;;86;1219
64002-825;Praça São Gregório;s/n;Morro da Esperança;Teresina;PI;2211001;;86;1219
64078-337;Praça Tancredo Neves;s/n;Itararé;Teresina;PI;2211001;;86;1219
64006-070;Praça Cristina Leite;s/n;Aeroporto;Teresina;PI;2211001;;86;1219
64003-590;Praça João Agrícola;s/n;Aeroporto;Teresina;PI;2211001;;86;1219
64000-830;Praça Edgard Nogueira;s/n;Cabral;Teresina;PI;2211001;;86;1219
64003-620;Praça Mário Basílio;s/n;Aeroporto;Teresina;PI;2211001;;86;1219
64002-500;Praça Treze de Março;s/n;Marquês;Teresina;PI;2211001;;86;1219
64009-420;Praça Geraldo Martins;s/n;Buenos Aires;Teresina;PI;2211001;;86;1219
64000-920;Praça Edgard Nogueira;s/n;Cabral;Teresina;PI;2211001;;86;1219
21210-790;Praça Q;s/n;Vila da Penha;Rio de Janeiro;RJ;3304557;;21;6001
20761-320;Praça A;s/n;Engenho da Rainha;Rio de Janeiro;RJ;3304557;;21;6001
22790-140;Praça C;s/n;Recreio dos Bandeirantes;Rio de Janeiro;RJ;3304557;;21;6001
22790-020;Praça E;s/n;Recreio dos Bandeirantes;Rio de Janeiro;RJ;3304557;;21;6001
22772-010;Praça Eli;s/n;Cidade de Deus;Rio de Janeiro;RJ;3304557;;21;6001
20397-150;Praça Ties;s/n;Paquetá;Rio de Janeiro;RJ;3304557;;21;6001
21321-010;Praça Seca;s/n;Praça Seca;Rio de Janeiro;RJ;3304557;;21;6001
23060-140;Praça Nove;s/n;Cosmos;Rio de Janeiro;RJ;3304557;;21;6001
21210-180;Praça Toba;s/n;Penha Circular;Rio de Janeiro;RJ;3304557;;21;6001
22790-800;Praça Dois;s/n;Recreio dos Bandeirantes;Rio de Janeiro;RJ;3304557;;21;6001
21555-320;Praça Lins;s/n;Marechal Hermes;Rio de Janeiro;RJ;3304557;;21;6001
22772-300;Praça Ageu;s/n;Cidade de Deus;Rio de Janeiro;RJ;3304557;;21;6001
23060-230;Praça Onze;s/n;Cosmos;Rio de Janeiro;RJ;3304557;;21;6001
21381-260;Praça Oira;s/n;Cavalcanti;Rio de Janeiro;RJ;3304557;;21;6001
21520-410;Praça Enio;s/n;Pavuna;Rio de Janeiro;RJ;3304557;;21;6001
21765-530;Praça Apua;s/n;Realengo;Rio de Janeiro;RJ;3304557;;21;6001
23066-390;Praça Dois;s/n;Cosmos;Rio de Janeiro;RJ;3304557;;21;6001
21241-170;Praça Elba;s/n;Vigário Geral;Rio de Janeiro;RJ;3304557;;21;6001
21020-140;Praça Caí;s/n;Penha;Rio de Janeiro;RJ;3304557;;21;6001
21221-110;Praça Dois;s/n;Penha Circular;Rio de Janeiro;RJ;3304557;;21;6001
23580-200;Praça Geni;s/n;Paciência;Rio de Janeiro;RJ;3304557;;21;6001
21531-000;Praça Acari;s/n;Acari;Rio de Janeiro;RJ;3304557;;21;6001
20091-903;Praça Pio X;118;Centro;Rio de Janeiro;RJ;3304557;;21;6001
22772-270;Praça Adão;s/n;Cidade de Deus;Rio de Janeiro;RJ;3304557;;21;6001
20081-900;Praça Mauá;7;Centro;Rio de Janeiro;RJ;3304557;;21;6001
23570-200;Praça Ruão;s/n;Santa Cruz;Rio de Janeiro;RJ;3304557;;21;6001
23060-010;Praça Cinco;s/n;Cosmos;Rio de Janeiro;RJ;3304557;;21;6001
20775-150;Praça Avaí;s/n;Cachambi;Rio de Janeiro;RJ;3304557;;21;6001
23060-390;Praça Igara;s/n;Cosmos;Rio de Janeiro;RJ;3304557;;21;6001
22772-100;Praça Perez;s/n;Cidade de Deus;Rio de Janeiro;RJ;3304557;;21;6001
20081-240;Praça Mauá;lado ímpar;Centro;Rio de Janeiro;RJ;3304557;;21;6001
23087-310;Praça Maina;s/n;Campo Grande;Rio de Janeiro;RJ;3304557;;21;6001
23016-170;Praça Borba;s/n;Campo Grande;Rio de Janeiro;RJ;3304557;;21;6001
20081-904;Praça Mauá;65;Centro;Rio de Janeiro;RJ;3304557;;21;6001
23520-440;Praça Inucu;s/n;Santa Cruz;Rio de Janeiro;RJ;3304557;;21;6001
21931-526;Praça Urupa;s/n;Jardim Carioca;Rio de Janeiro;RJ;3304557;;21;6001
22773-340;Praça Jacó;s/n;Cidade de Deus;Rio de Janeiro;RJ;3304557;;21;6001
21852-390;Praça Miami;s/n;Bangu;Rio de Janeiro;RJ;3304557;;21;6001
23070-050;Praça Timor;s/n;Campo Grande;Rio de Janeiro;RJ;3304557;;21;6001
23062-280;Praça Cinco;s/n;Campo Grande;Rio de Janeiro;RJ;3304557;;21;6001
20540-270;Praça Nobel;s/n;Grajaú;Rio de Janeiro;RJ;3304557;;21;6001
21215-170;Praça Saica;s/n;Braz de Pina;Rio de Janeiro;RJ;3304557;;21;6001
20021-100;Praça Paris;s/n;Glória;Rio de Janeiro;RJ;3304557;;21;6001
21371-350;Praça Monim;s/n;Irajá;Rio de Janeiro;RJ;3304557;;21;6001
20761-270;Praça Abuna;s/n;Engenho da Rainha;Rio de Janeiro;RJ;3304557;;21;6001
23066-415;Praça Três;s/n;Cosmos;Rio de Janeiro;RJ;3304557;;21;6001
20090-060;Praça Mauá;lado par;Centro;Rio de Janeiro;RJ;3304557;;21;6001
21650-540;Praça Três;s/n;Costa Barros;Rio de Janeiro;RJ;3304557;;21;6001
23035-610;Praça Chile;s/n;Guaratiba;Rio de Janeiro;RJ;3304557;;21;6001
20040-020;Praça Pio X;lado ímpar;Centro;Rio de Janeiro;RJ;3304557;;21;6001
59020-501;Praça Pio X;s/n;Tirol;Natal;RN;2408102;;84;1761
59135-570;Praça Mauá;s/n;Lagoa Azul;Natal;RN;2408102;;84;1761
59101-010;Praça Mirante;(C B Rio);Igapó;Natal;RN;2408102;;84;1761
59136-050;Praça Ipanema;s/n;Lagoa Azul;Natal;RN;2408102;;84;1761
59129-785;Praça Caucaia;s/n;Potengi;Natal;RN;2408102;;84;1761
59124-500;Praça Sumaré;s/n;Potengi;Natal;RN;2408102;;84;1761
59124-580;Praça Muriaé;s/n;Potengi;Natal;RN;2408102;;84;1761
59054-260;Praça Zamenhof;s/n;Dix-Sept Rosado;Natal;RN;2408102;;84;1761
59135-740;Praça Guarujá;s/n;Lagoa Azul;Natal;RN;2408102;;84;1761
59129-450;Praça Araruama;s/n;Potengi;Natal;RN;2408102;;84;1761
59068-780;Praça Taperoá;s/n;Pitimbu;Natal;RN;2408102;;84;1761
59124-340;Praça Sorocaba;s/n;Potengi;Natal;RN;2408102;;84;1761
59078-055;Praça Girassol;s/n;Capim Macio;Natal;RN;2408102;;84;1761
59124-660;Praça Itaituba;s/n;Potengi;Natal;RN;2408102;;84;1761
59030-400;Praça Pedro II;s/n;Alecrim;Natal;RN;2408102;;84;1761
59124-790;Praça Corumbá;s/n;Potengi;Natal;RN;2408102;;84;1761
59135-350;Praça Pacaembú;s/n;Lagoa Azul;Natal;RN;2408102;;84;1761
59072-119;Praça Vida Nova;s/n;Felipe Camarão;Natal;RN;2408102;;84;1761
59135-410;Praça Guarulhos;s/n;Lagoa Azul;Natal;RN;2408102;;84;1761
59124-410;Praça Iguarassu;s/n;Potengi;Natal;RN;2408102;;84;1761
59020-332;Praça do Riacho;s/n;Tirol;Natal;RN;2408102;;84;1761
59040-180;Praça do Cobana;s/n;Alecrim;Natal;RN;2408102;;84;1761
59025-380;Praça Dom Vital;s/n;Cidade Alta;Natal;RN;2408102;;84;1761
59010-730;Praça Lions Club;s/n;Rocas;Natal;RN;2408102;;84;1761
59086-610;Praça Cristo Rei;s/n;Neópolis;Natal;RN;2408102;;84;1761
59124-190;Praça Paranaguá;s/n;Potengi;Natal;RN;2408102;;84;1761
59094-515;Praça Itamaracá;s/n;Ponta Negra;Natal;RN;2408102;;84;1761
59010-840;Praça do Caritó;s/n;Rocas;Natal;RN;2408102;;84;1761
59014-102;Praça Paolo Breno;s/n;Areia Preta;Natal;RN;2408102;;84;1761
59124-710;Praça Bandeirante;s/n;Potengi;Natal;RN;2408102;;84;1761
59010-045;Praça dos Heróis;s/n;Praia do Meio;Natal;RN;2408102;;84;1761
59020-405;Praça Pedro Velho;s/n;Petrópolis;Natal;RN;2408102;;84;1761
59025-190;Praça Carlos Gomes;s/n;Cidade Alta;Natal;RN;2408102;;84;1761
59062-520;Praça Pureza Moura;s/n;Lagoa Nova;Natal;RN;2408102;;84;1761
59025-085;Praça do Estudante;s/n;Cidade Alta;Natal;RN;2408102;;84;1761
59020-380;Praça Augusto Leite;s/n;Barro Vermelho;Natal;RN;2408102;;84;1761
59054-805;Praça Tenente Nobre;s/n;Lagoa Nova;Natal;RN;2408102;;84;1761
59025-510;Praça Senador Guerra;s/n;Cidade Alta;Natal;RN;2408102;;84;1761
59012-380;Praça Augusto Severo;s/n;Ribeira;Natal;RN;2408102;;84;1761
59025-480;Praça João Tibúrcio;s/n;Cidade Alta;Natal;RN;2408102;;84;1761
59010-008;Praça Miguel Carrilho;s/n;Praia do Meio;Natal;RN;2408102;;84;1761
59037-190;Praça Gentil Ferreira;lado ímpar;Alecrim;Natal;RN;2408102;;84;1761
59040-190;Praça Gentil Ferreira;lado par;Alecrim;Natal;RN;2408102;;84;1761
59010-640;Praça Lindalva Taveira;s/n;Santos Reis;Natal;RN;2408102;;84;1761
59062-660;Praça Antônio Pereira;s/n;Lagoa Nova;Natal;RN;2408102;;84;1761
59014-520;Praça Marechal Deodoro;s/n;Tirol;Natal;RN;2408102;;84;1761
59086-630;Praça Marechal Deodoro;s/n;Neópolis;Natal;RN;2408102;;84;1761
59025-300;Praça Sete de Setembro;s/n;Cidade Alta;Natal;RN;2408102;;84;1761
59025-080;Praça Tomaz de Araújo;s/n;Cidade Alta;Natal;RN;2408102;;84;1761
59025-290;Praça Padre João Maria;s/n;Cidade Alta;Natal;RN;2408102;;84;1761
91720-641;Praça B;(Vl São Caetano);Nonoai;Porto Alegre;RS;4314902;;51;8801
91140-101;Praça B;(Vl Sto Agostinho II);Sarandi;Porto Alegre;RS;4314902;;51;8801
91130-630;Praça A;(Vl Sto Agostinho II);Sarandi;Porto Alegre;RS;4314902;;51;8801
91270-360;Praça B;(Vl Safira);Mário Quintana;Porto Alegre;RS;4314902;;51;8801
90843-130;Praça B;(Cj Res Jd Medianeira);Santa Tereza;Porto Alegre;RS;4314902;;51;8801
91740-411;Praça Um;(Jd das Palmeiras);Cavalhada;Porto Alegre;RS;4314902;;51;8801
91380-400;Praça Itu;s/n;Jardim Itu;Porto Alegre;RS;4314902;;51;8801
91210-180;Praça RBS;s/n;Jardim Sabará;Porto Alegre;RS;4314902;;51;8801
90830-581;Praça Dois;(Vl Barracão);Santa Tereza;Porto Alegre;RS;4314902;;51;8801
91530-670;Praça Dois;(Jd Res Anna Carvalho);Partenon;Porto Alegre;RS;4314902;;51;8801
91900-530;Praça Arae;s/n;Vila Assunção;Porto Alegre;RS;4314902;;51;8801
91770-051;Praça Jaci;s/n;Guarujá;Porto Alegre;RS;4314902;;51;8801
91740-351;Praça Dois;(Jd das Palmeiras);Cavalhada;Porto Alegre;RS;4314902;;51;8801
91910-440;Praça Potti;s/n;Camaquã;Porto Alegre;RS;4314902;;51;8801
91770-041;Praça Moema;s/n;Espírito Santo;Porto Alegre;RS;4314902;;51;8801
91740-421;Praça Três;(Jd das Palmeiras);Cavalhada;Porto Alegre;RS;4314902;;51;8801
91770-491;Praça Lagos;s/n;Espírito Santo;Porto Alegre;RS;4314902;;51;8801
91370-340;Praça Itati;s/n;Vila Ipiranga;Porto Alegre;RS;4314902;;51;8801
91340-380;Praça Japão;s/n;Boa Vista;Porto Alegre;RS;4314902;;51;8801
91900-680;Praça Soluma;s/n;Vila Assunção;Porto Alegre;RS;4314902;;51;8801
91210-191;Praça Coinma;s/n;Jardim Sabará;Porto Alegre;RS;4314902;;51;8801
91130-220;Praça da Feb;s/n;Sarandi;Porto Alegre;RS;4314902;;51;8801
91770-571;Praça Apiaca;s/n;Espírito Santo;Porto Alegre;RS;4314902;;51;8801
91040-590;Praça Tamoio;s/n;Jardim Floresta;Porto Alegre;RS;4314902;;51;8801
91060-150;Praça Ponaim;s/n;Jardim Lindóia;Porto Alegre;RS;4314902;;51;8801
90520-090;Praça Chopin;s/n;Passo da Areia;Porto Alegre;RS;4314902;;51;8801
91900-260;Praça Tabira;s/n;Vila Assunção;Porto Alegre;RS;4314902;;51;8801
91130-530;Praça Buriti;s/n;Sarandi;Porto Alegre;RS;4314902;;51;8801
91110-270;Praça Caraí;s/n;Sarandi;Porto Alegre;RS;4314902;;51;8801
91060-040;Praça Chasqui;s/n;São Sebastião;Porto Alegre;RS;4314902;;51;8801
90110-110;Praça Itália;s/n;Praia de Belas;Porto Alegre;RS;4314902;;51;8801
90540-060;Praça Holanda;s/n;Higienópolis;Porto Alegre;RS;4314902;;51;8801
90850-500;Praça Montese;s/n;Medianeira;Porto Alegre;RS;4314902;;51;8801
91130-400;Praça Ibitori;s/n;Sarandi;Porto Alegre;RS;4314902;;51;8801
90110-070;Praça Espanha;s/n;Praia de Belas;Porto Alegre;RS;4314902;;51;8801
90110-120;Praça Rótary;s/n;Praia de Belas;Porto Alegre;RS;4314902;;51;8801
90830-620;Praça Moderna;s/n;Santa Tereza;Porto Alegre;RS;4314902;;51;8801
91740-170;Praça Aratiba;s/n;Cavalhada;Porto Alegre;RS;4314902;;51;8801
91900-360;Praça Caraibe;s/n;Vila Assunção;Porto Alegre;RS;4314902;;51;8801
91780-131;Praça Detroit;s/n;Belém Novo;Porto Alegre;RS;4314902;;51;8801
91751-380;Praça Suíça;s/n;Ipanema;Porto Alegre;RS;4314902;;51;8801
91240-020;Praça México;s/n;Jardim Leopoldina;Porto Alegre;RS;4314902;;51;8801
91050-050;Praça Libaneza;s/n;Jardim Lindóia;Porto Alegre;RS;4314902;;51;8801
91780-013;Praça Espigão;s/n;Lami;Porto Alegre;RS;4314902;;51;8801
91900-350;Praça Araguaia;s/n;Vila Assunção;Porto Alegre;RS;4314902;;51;8801
91380-150;Praça Império;s/n;Vila Ipiranga;Porto Alegre;RS;4314902;;51;8801
91170-190;Praça Valverde;s/n;Rubem Berta;Porto Alegre;RS;4314902;;51;8801
91450-160;Praça do Verde;s/n;Morro Santana;Porto Alegre;RS;4314902;;51;8801
91920-710;Praça Paraíso;s/n;Vila Conceição;Porto Alegre;RS;4314902;;51;8801
90040-170;Praça Piratini;s/n;Santana;Porto Alegre;RS;4314902;;51;8801
76801-022;Praça Madeira Mamoré;s/n;Centro;Porto Velho;RO;1100205;;69;3
69313-468;Rua Pedro Praça;de 2577/2578 ao fim;Cambará;Boa Vista;RR;1400100;;95;301
69312-308;Rua Pedro Praça;de 1651/1652 a 2575/2576;Asa Branca;Boa Vista;RR;1400100;;95;301
69312-320;Rua Pedro Praça;de 859/860 a 1649/1650;Asa Branca;Boa Vista;RR;1400100;;95;301
69309-180;Rua Pedro Praça;até 857/858;Buritis;Boa Vista;RR;1400100;;95;301
69310-006;Praça Santos Dumont;s/n;Aeroporto;Boa Vista;RR;1400100;;95;301
69301-380;Praça Centro Cívico;até 499/500;Centro;Boa Vista;RR;1400100;;95;301
69301-970;Praça Centro Cívico;176;Centro;Boa Vista;RR;1400100;;95;301
69301-959;Praça Centro Cívico;80;Centro;Boa Vista;RR;1400100;;95;301
69301-069;Praça Centro Cívico;de 501/502 ao fim;Centro;Boa Vista;RR;1400100;;95;301
69301-900;Praça Centro Cívico;176;Centro;Boa Vista;RR;1400100;;95;301
88063-266;Praça da Luz;s/n;Campeche;Florianópolis;SC;4205407;;48;8105
88010-055;Praça Pio XII;s/n;Centro;Florianópolis;SC;4205407;;48;8105
88062-051;Praça Pio XII;s/n;Lagoa da Conceição;Florianópolis;SC;4205407;;48;8105
88010-235;Praça França;s/n;Centro;Florianópolis;SC;4205407;;48;8105
88067-395;Praça da Lagoa;s/n;Pântano do Sul;Florianópolis;SC;4205407;;48;8105
88067-466;Praça das Pedras;s/n;Pântano do Sul;Florianópolis;SC;4205407;;48;8105
88015-245;Praça Dom Pedro I;s/n;Centro;Florianópolis;SC;4205407;;48;8105
88020-188;Praça da Bandeira;s/n;Centro;Florianópolis;SC;4205407;;48;8105
88015-706;Praça de Portugal;s/n;Centro;Florianópolis;SC;4205407;;48;8105
88010-095;Praça do Desterro;s/n;Centro;Florianópolis;SC;4205407;;48;8105
88067-445;Praça dos Granitos;s/n;Pântano do Sul;Florianópolis;SC;4205407;;48;8105
88067-318;Praça dos Cristais;s/n;Pântano do Sul;Florianópolis;SC;4205407;;48;8105
88015-408;Praça Etelvina Luz;s/n;Centro;Florianópolis;SC;4205407;;48;8105
88015-505;Praça Lauro Muller;s/n;Centro;Florianópolis;SC;4205407;;48;8105
88036-680;Praça Santos Dumont;s/n;Trindade;Florianópolis;SC;4205407;;48;8105
88010-145;Praça Hercílio Luz;s/n;Centro;Florianópolis;SC;4205407;;48;8105
88015-570;Praça dos Namorados;s/n;Centro;Florianópolis;SC;4205407;;48;8105
88020-090;Praça Olívio Amorim;s/n;Centro;Florianópolis;SC;4205407;;48;8105
88067-426;Praça dos Brilhantes;s/n;Pântano do Sul;Florianópolis;SC;4205407;;48;8105
88095-155;Praça Marcílio Dias;s/n;Jardim Atlântico;Florianópolis;SC;4205407;;48;8105
88064-650;Praça Herminio Silva;s/n;Ribeirão da Ilha;Florianópolis;SC;4205407;;48;8105
88020-175;Praça Tancredo Neves;s/n;Centro;Florianópolis;SC;4205407;;48;8105
88045-608;Praça Martinho Lutero;s/n;Saco dos Limões;Florianópolis;SC;4205407;;48;8105
88070-192;Praça Paulo Schlemper;s/n;Capoeiras;Florianópolis;SC;4205407;;48;8105
88050-450;Praça Getúlio Vargas;s/n;Santo Antônio de Lisboa;Florianópolis;SC;4205407;;48;8105
88015-605;Praça Esteves Júnior;s/n;Centro;Florianópolis;SC;4205407;;48;8105
88062-118;Praça Capitão Vieira;s/n;Lagoa da Conceição;Florianópolis;SC;4205407;;48;8105
88020-030;Praça Getúlio Vargas;s/n;Centro;Florianópolis;SC;4205407;;48;8105
88010-405;Praça Fernando Machado;s/n;Centro;Florianópolis;SC;4205407;;48;8105
88040-521;Praça Frei Jacir Bachi;s/n;Carvoeira;Florianópolis;SC;4205407;;48;8105
88010-540;Praça Pereira Oliveira;s/n;Centro;Florianópolis;SC;4205407;;48;8105
88054-608;Praça Edith Gama Ramos;s/n;Canasvieiras;Florianópolis;SC;4205407;;48;8105
88010-905;Praça Pereira Oliveira;13;Centro;Florianópolis;SC;4205407;;48;8105
88010-245;Praça Adolfo Luiz Dias;s/n;Centro;Florianópolis;SC;4205407;;48;8105
88020-164;Praça Senhor dos Passos;s/n;Centro;Florianópolis;SC;4205407;;48;8105
88051-300;Praça Macário da Rocha;s/n;Sambaqui;Florianópolis;SC;4205407;;48;8105
88047-405;Praça Manoel Gonçalves;s/n;Carianos;Florianópolis;SC;4205407;;48;8105
88011-959;Praça Quinze de Novembro;242;Centro;Florianópolis;SC;4205407;;48;8105
88010-400;Praça Quinze de Novembro;s/n;Centro;Florianópolis;SC;4205407;;48;8105
88075-536;Praça Guilherme Fortkamp;s/n;Balneário;Florianópolis;SC;4205407;;48;8105
88010-970;Praça Quinze de Novembro;242;Centro;Florianópolis;SC;4205407;;48;8105
88010-920;Praça Quinze de Novembro;242 2 andar;Centro;Florianópolis;SC;4205407;;48;8105
88045-598;Praça Aldo Pedro Boering;s/n;Saco dos Limões;Florianópolis;SC;4205407;;48;8105
88054-072;Praça República do Líbano;s/n;Canasvieiras;Florianópolis;SC;4205407;;48;8105
88015-345;Praça Osvaldo Bulcão Viana;s/n;Centro;Florianópolis;SC;4205407;;48;8105
88025-005;Praça Governador Celso Ramos;s/n;Agronômica;Florianópolis;SC;4205407;;48;8105
88050-402;Praça Roldão da Rocha Pires;s/n;Santo Antônio de Lisboa;Florianópolis;SC;4205407;;48;8105
88037-255;Praça Padre José de Anchieta;s/n;Córrego Grande;Florianópolis;SC;4205407;;48;8105
88061-075;Praça Aderbal José dos Santos;s/n;Barra da Lagoa;Florianópolis;SC;4205407;;48;8105
88037-295;Praça Breno Pinheiro Valadares;s/n;Córrego Grande;Florianópolis;SC;4205407;;48;8105
04809-035;Praça B;s/n;Terceira Divisão de Interlagos;São Paulo;SP;3550308;1004;11;7107
05220-020;Praça Rei;s/n;Vila Santa Cruz;São Paulo;SP;3550308;1004;11;7107
05887-235;Praça Axé;s/n;Parque Fernanda;São Paulo;SP;3550308;1004;11;7107
03192-230;Praça Pien;s/n;Vila Oratório;São Paulo;SP;3550308;1004;11;7107
02134-050;Praça Yedo;s/n;Vila Maria Alta;São Paulo;SP;3550308;1004;11;7107
03725-040;Praça Gaje;s/n;Engenheiro Goulart;São Paulo;SP;3550308;1004;11;7107
04716-100;Praça Agra;s/n;Chácara Santo Antônio (Zona Sul);São Paulo;SP;3550308;1004;11;7107
04116-230;Praça Kant;s/n;Jardim Vila Mariana;São Paulo;SP;3550308;1004;11;7107
08121-050;Praça Guom;s/n;Jardim São Luís (Zona Leste);São Paulo;SP;3550308;1004;11;7107
03360-080;Praça Skal;s/n;Vila Formosa;São Paulo;SP;3550308;1004;11;7107
04118-110;Praça Gute;s/n;Vila Mariana;São Paulo;SP;3550308;1004;11;7107
03518-065;Praça Opala;s/n;Vila Euthalia;São Paulo;SP;3550308;1004;11;7107
05511-030;Praça M'Boi;s/n;Butantã;São Paulo;SP;3550308;1004;11;7107
02132-150;Praça Tokio;s/n;Jardim Japão;São Paulo;SP;3550308;1004;11;7107
03731-200;Praça Ereá;s/n;Vila Londrina;São Paulo;SP;3550308;1004;11;7107
03679-130;Praça Itira;s/n;Vila São Francisco (Zona Leste);São Paulo;SP;3550308;1004;11;7107
04756-077;Praça Aller;s/n;Jardim Internacional;São Paulo;SP;3550308;1004;11;7107
04852-060;Praça Ibitu;s/n;Jardim Shangrilá (Zona Sul);São Paulo;SP;3550308;1004;11;7107
04664-090;Praça Elfos;s/n;Jardim Marajoara;São Paulo;SP;3550308;1004;11;7107
02124-010;Praça Chiba;s/n;Jardim Japão;São Paulo;SP;3550308;1004;11;7107
02404-052;Praça Iauti;s/n;Santana;São Paulo;SP;3550308;1004;11;7107
05776-380;Praça Cinza;s/n;Vila Franca;São Paulo;SP;3550308;1004;11;7107
03445-010;Praça Duere;s/n;Vila Carrão;São Paulo;SP;3550308;1004;11;7107
03153-090;Praça Nobel;s/n;Jardim Ibitirama;São Paulo;SP;3550308;1004;11;7107
03356-050;Praça Coxim;s/n;Vila Formosa;São Paulo;SP;3550308;1004;11;7107
02347-040;Praça Capri;s/n;Jardim Leonor Mendes de Barros;São Paulo;SP;3550308;1004;11;7107
03456-100;Praça Aguim;s/n;Jardim Aricanduva;São Paulo;SP;3550308;1004;11;7107
05043-060;Praça Tupã;s/n;Água Branca;São Paulo;SP;3550308;1004;11;7107
04917-060;Praça Risor;s/n;Jardim São Joaquim;São Paulo;SP;3550308;1004;11;7107
05386-210;Praça Arruda;s/n;Vila Dalva;São Paulo;SP;3550308;1004;11;7107
03213-010;Praça Caipé;s/n;Vila Califórnia;São Paulo;SP;3550308;1004;11;7107
04664-160;Praça Amoray;s/n;Jardim Marajoara;São Paulo;SP;3550308;1004;11;7107
04187-015;Praça Rovigo;s/n;Jardim Maristela;São Paulo;SP;3550308;1004;11;7107
04771-001;Praça Berlim;s/n;Jardim dos Lagos;São Paulo;SP;3550308;1004;11;7107
01001-000;Praça da Sé;lado ímpar;Sé;São Paulo;SP;3550308;1004;11;7107
04915-160;Praça Tandil;s/n;Jardim Figueira Grande;São Paulo;SP;3550308;1004;11;7107
01001-901;Praça da Sé;371;Sé;São Paulo;SP;3550308;1004;11;7107
01120-010;Praça da Luz;s/n;Bom Retiro;São Paulo;SP;3550308;1004;11;7107
03189-090;Praça Cajobi;s/n;Vila Oratório;São Paulo;SP;3550308;1004;11;7107
04944-160;Praça Guarus;s/n;Parque do Lago;São Paulo;SP;3550308;1004;11;7107
01223-020;Praça Rotary;s/n;Vila Buarque;São Paulo;SP;3550308;1004;11;7107
05796-030;Praça Gorele;s/n;Jardim Vale das Virtudes;São Paulo;SP;3550308;1004;11;7107
04785-050;Praça Israel;s/n;Jardim Guarapiranga;São Paulo;SP;3550308;1004;11;7107
05174-280;Praça Aveiro;s/n;Jardim Regina;São Paulo;SP;3550308;1004;11;7107
02124-030;Praça Nippon;s/n;Jardim Japão;São Paulo;SP;3550308;1004;11;7107
01001-001;Praça da Sé;lado par;Sé;São Paulo;SP;3550308;1004;11;7107
05453-060;Praça Japuba;s/n;Vila Madalena;São Paulo;SP;3550308;1004;11;7107
04473-275;Praça Pedros;s/n;Santa Amélia;São Paulo;SP;3550308;1004;11;7107
05441-070;Praça Cazuza;s/n;Sumarezinho;São Paulo;SP;3550308;1004;11;7107
05692-120;Praça Elmira;s/n;Vila Tramontano;São Paulo;SP;3550308;1004;11;7107
49063-100;Rua da Praça;s/n;Japãozinho;Aracaju;SE;2800308;;79;3105
49010-240;Praça Camerino;de 257 ao fim - lado ímpar;Centro;Aracaju;SE;2800308;;79;3105
49010-260;Praça Camerino;lado par;Centro;Aracaju;SE;2800308;;79;3105
49015-060;Praça Camerino;de 153 a 255 - lado ímpar;São José;Aracaju;SE;2800308;;79;3105
49010-220;Praça Camerino;até 151 - lado ímpar;Centro;Aracaju;SE;2800308;;79;3105
49038-290;Praça das Mães;s/n;Aeroporto;Aracaju;SE;2800308;;79;3105
49040-600;Praça Tiradentes;s/n;Inácio Barbosa;Aracaju;SE;2800308;;79;3105
49055-090;Praça da Bandeira;de 137 a 289 - lado ímpar;Cirurgia;Aracaju;SE;2800308;;79;3105
49035-440;Praça José Alves;s/n;Atalaia;Aracaju;SE;2800308;;79;3105
49020-500;Praça da Imprensa;s/n;Treze de Julho;Aracaju;SE;2800308;;79;3105
49010-510;Praça da Bandeira;até 135 - lado ímpar;Centro;Aracaju;SE;2800308;;79;3105
49010-580;Praça João XXIII;s/n;Centro;Aracaju;SE;2800308;;79;3105
49015-020;Praça da Bandeira;de 2 a 136 - lado par;São José;Aracaju;SE;2800308;;79;3105
49010-320;Praça da Bandeira;de 138 a 99998 - lado par;Centro;Aracaju;SE;2800308;;79;3105
49010-470;Praça da Bandeira;de 291 ao fim - lado ímpar;Centro;Aracaju;SE;2800308;;79;3105
49075-640;Praça Iracyr Silva;s/n;Siqueira Campos;Aracaju;SE;2800308;;79;3105
49045-103;Praça Rubens Paiva;s/n;Luzia;Aracaju;SE;2800308;;79;3105
49072-790;Praça Frei Demetri;s/n;Dezoito do Forte;Aracaju;SE;2800308;;79;3105
49092-560;Praça Josefa Nunes;s/n;Olaria;Aracaju;SE;2800308;;79;3105
49041-160;Praça Zé Pretinho;s/n;Inácio Barbosa;Aracaju;SE;2800308;;79;3105
49045-630;Praça Raul Batista;s/n;Luzia;Aracaju;SE;2800308;;79;3105
49080-490;Praça da República;s/n;América;Aracaju;SE;2800308;;79;3105
49035-150;Praça Carvalho Neto;s/n;Atalaia;Aracaju;SE;2800308;;79;3105
49048-420;Praça Anival Dantas;s/n;Luzia;Aracaju;SE;2800308;;79;3105
49087-430;Praça Mário Valois;s/n;Santos Dumont;Aracaju;SE;2800308;;79;3105
49025-520;Praça Oliveira Belo;s/n;Grageru;Aracaju;SE;2800308;;79;3105
49055-010;Praça Accioly Porto;s/n;Getúlio Vargas;Aracaju;SE;2800308;;79;3105
49037-570;Praça Santos Dumont;s/n;Aeroporto;Aracaju;SE;2800308;;79;3105
49065-500;Praça Liberato Costa;s/n;Industrial;Aracaju;SE;2800308;;79;3105
49010-908;Praça Fausto Cardoso;327;Centro;Aracaju;SE;2800308;;79;3105
49032-260;Praça Florival Brito;s/n;Farolândia;Aracaju;SE;2800308;;79;3105
49010-080;Praça Fausto Cardoso;s/n;Centro;Aracaju;SE;2800308;;79;3105
49015-130;Praça Tobias Barreto;s/n;São José;Aracaju;SE;2800308;;79;3105
49010-903;Praça Fausto Cardoso;112;Centro;Aracaju;SE;2800308;;79;3105
49082-200;Praça Francisco Rosa;s/n;Novo Paraíso;Aracaju;SE;2800308;;79;3105
49037-353;Praça Recanto da Paz;s/n;Aeroporto;Aracaju;SE;2800308;;79;3105
49037-170;Praça Durval Andrade;s/n;Atalaia;Aracaju;SE;2800308;;79;3105
49032-110;Praça dos Navegantes;s/n;Farolândia;Aracaju;SE;2800308;;79;3105
49045-130;Praça Carlos Hardman;s/n;Luzia;Aracaju;SE;2800308;;79;3105
49010-905;Praça Fausto Cardoso;s/n;Centro;Aracaju;SE;2800308;;79;3105
49015-180;Praça Graccho Cardoso;s/n;São José;Aracaju;SE;2800308;;79;3105
49097-630;Praça Santiago Dantas;s/n;Ponto Novo;Aracaju;SE;2800308;;79;3105
49010-040;Praça Olímpio Campos;s/n;Centro;Aracaju;SE;2800308;;79;3105
49087-620;Praça Valteno Menezes;s/n;Santos Dumont;Aracaju;SE;2800308;;79;3105
49040-770;Praça Monteiro Lobato;s/n;Inácio Barbosa;Aracaju;SE;2800308;;79;3105
49015-340;Praça Getúlio Vargas;s/n;São José;Aracaju;SE;2800308;;79;3105
49030-010;Praça Acrísio Garcez;s/n;Farolândia;Aracaju;SE;2800308;;79;3105
49060-560;Praça Princesa Isabel;s/n;Santo Antônio;Aracaju;SE;2800308;;79;3105
49082-420;Praça Roberto Fonseca;s/n;Novo Paraíso;Aracaju;SE;2800308;;79;3105
49010-270;Praça Godofredo Diniz;s/n;Centro;Aracaju;SE;2800308;;79;3105
77060-151;Praça Brasília;s/n;Jardim Aureny I;Palmas;TO;1721000;;63;9733
77001-002;Praça Girassóis;s/n;Plano Diretor Norte;Palmas;TO;1721000;;63;9733
77001-908;Praça Girassóis;s/n;Plano Diretor Norte;Palmas;TO;1721000;;63;9733
77001-902;Praça Girassóis;s/n;Plano Diretor Norte;Palmas;TO;1721000;;63;9733
77001-910;Praça Girassóis;s/n;Plano Diretor Norte;Palmas;TO;1721000;;63;9733
77001-900;Praça Girassóis;s/n;Plano Diretor Norte;Palmas;TO;1721000;;63;9733
77001-904;Praça Girassóis;s/n;Plano Diretor Norte;Palmas;TO;1721000;;63;9733
77001-906;Praça Girassóis;s/n;Plano Diretor Norte;Palmas;TO;1721000;;63;9733
77015-900;Praça dos Girassóis;s/n;Plano Diretor Sul;Palmas;TO;1721000;;63;9733
77015-007;Praça dos Girassóis;s/n;Plano Diretor Sul;Palmas;TO;1721000;;63;9733
